site_id,survey_id,static_descriptors_reef_id (archived field),reef_name,coordinates_in_decimal_degree_format,longitude_degrees,longitude_minutes,longitude_seconds,longitude_cardinal_direction,latitude_degrees,latitude_minutes,latitude_seconds,latitude_cardinal_direction,country,state_province_island,city_town,region,year,date,depth (m),organism_code,type,s1 (0-20m),s2 (25-45m),s3 (50-70m),s4 (75-95m),fish_recorded_by,inverts_recorded_by,errors,what_errors
2b11c3cc-a515-46b0-b2cc-596f41fe7c09,05b19eaf-80f2-4b39-8037-9c053995ada3,66.1.9.7W.18.27.1.4N,Isla Verde (Reserva Marina Arrecife Isla Verde),"18.450389, -66.019361",66,1,9.7,W,18,27,1.4,N,Puerto Rico,"",Carolina,Atlantic,2023,09-June-23,3.7,Butterflyfish,Fish,7,0,1,0,Paco Lopez Mujica,"Fernando Rodriguez - Negron, Joel Melendez-Diaz","",""
2b11c3cc-a515-46b0-b2cc-596f41fe7c09,05b19eaf-80f2-4b39-8037-9c053995ada3,66.1.9.7W.18.27.1.4N,Isla Verde (Reserva Marina Arrecife Isla Verde),"18.450389, -66.019361",66,1,9.7,W,18,27,1.4,N,Puerto Rico,"",Carolina,Atlantic,2023,09-June-23,3.7,Haemulidae,Fish,15,10,3,4,Paco Lopez Mujica,"Fernando Rodriguez - Negron, Joel Melendez-Diaz","",""
2b11c3cc-a515-46b0-b2cc-596f41fe7c09,05b19eaf-80f2-4b39-8037-9c053995ada3,66.1.9.7W.18.27.1.4N,Isla Verde (Reserva Marina Arrecife Isla Verde),"18.450389, -66.019361",66,1,9.7,W,18,27,1.4,N,Puerto Rico,"",Carolina,Atlantic,2023,09-June-23,3.7,Snapper,Fish,0,0,0,0,Paco Lopez Mujica,"Fernando Rodriguez - Negron, Joel Melendez-Diaz","",""
2b11c3cc-a515-46b0-b2cc-596f41fe7c09,05b19eaf-80f2-4b39-8037-9c053995ada3,66.1.9.7W.18.27.1.4N,Isla Verde (Reserva Marina Arrecife Isla Verde),"18.450389, -66.019361",66,1,9.7,W,18,27,1.4,N,Puerto Rico,"",Carolina,Atlantic,2023,09-June-23,3.7,Parrotfish,Fish,0,2,2,0,Paco Lopez Mujica,"Fernando Rodriguez - Negron, Joel Melendez-Diaz","",""
2b11c3cc-a515-46b0-b2cc-596f41fe7c09,05b19eaf-80f2-4b39-8037-9c053995ada3,66.1.9.7W.18.27.1.4N,Isla Verde (Reserva Marina Arrecife Isla Verde),"18.450389, -66.019361",66,1,9.7,W,18,27,1.4,N,Puerto Rico,"",Carolina,Atlantic,2023,09-June-23,3.7,Moray Eel,Fish,0,0,0,0,Paco Lopez Mujica,"Fernando Rodriguez - Negron, Joel Melendez-Diaz","",""
2b11c3cc-a515-46b0-b2cc-596f41fe7c09,05b19eaf-80f2-4b39-8037-9c053995ada3,66.1.9.7W.18.27.1.4N,Isla Verde (Reserva Marina Arrecife Isla Verde),"18.450389, -66.019361",66,1,9.7,W,18,27,1.4,N,Puerto Rico,"",Carolina,Atlantic,2023,09-June-23,3.7,Nassau Grouper 30-40 cm,Fish,0,0,0,0,Paco Lopez Mujica,"Fernando Rodriguez - Negron, Joel Melendez-Diaz","",""
2b11c3cc-a515-46b0-b2cc-596f41fe7c09,05b19eaf-80f2-4b39-8037-9c053995ada3,66.1.9.7W.18.27.1.4N,Isla Verde (Reserva Marina Arrecife Isla Verde),"18.450389, -66.019361",66,1,9.7,W,18,27,1.4,N,Puerto Rico,"",Carolina,Atlantic,2023,09-June-23,3.7,Nassau Grouper 40-50 cm,Fish,0,0,0,0,Paco Lopez Mujica,"Fernando Rodriguez - Negron, Joel Melendez-Diaz","",""
2b11c3cc-a515-46b0-b2cc-596f41fe7c09,05b19eaf-80f2-4b39-8037-9c053995ada3,66.1.9.7W.18.27.1.4N,Isla Verde (Reserva Marina Arrecife Isla Verde),"18.450389, -66.019361",66,1,9.7,W,18,27,1.4,N,Puerto Rico,"",Carolina,Atlantic,2023,09-June-23,3.7,Nassau Grouper 50-60 cm,Fish,0,0,0,0,Paco Lopez Mujica,"Fernando Rodriguez - Negron, Joel Melendez-Diaz","",""
2b11c3cc-a515-46b0-b2cc-596f41fe7c09,05b19eaf-80f2-4b39-8037-9c053995ada3,66.1.9.7W.18.27.1.4N,Isla Verde (Reserva Marina Arrecife Isla Verde),"18.450389, -66.019361",66,1,9.7,W,18,27,1.4,N,Puerto Rico,"",Carolina,Atlantic,2023,09-June-23,3.7,Nassau Grouper > 60 cm,Fish,0,0,0,0,Paco Lopez Mujica,"Fernando Rodriguez - Negron, Joel Melendez-Diaz","",""
2b11c3cc-a515-46b0-b2cc-596f41fe7c09,05b19eaf-80f2-4b39-8037-9c053995ada3,66.1.9.7W.18.27.1.4N,Isla Verde (Reserva Marina Arrecife Isla Verde),"18.450389, -66.019361",66,1,9.7,W,18,27,1.4,N,Puerto Rico,"",Carolina,Atlantic,2023,09-June-23,3.7,Nassau Grouper Total,Fish,0,0,0,0,Paco Lopez Mujica,"Fernando Rodriguez - Negron, Joel Melendez-Diaz","",""
2b11c3cc-a515-46b0-b2cc-596f41fe7c09,05b19eaf-80f2-4b39-8037-9c053995ada3,66.1.9.7W.18.27.1.4N,Isla Verde (Reserva Marina Arrecife Isla Verde),"18.450389, -66.019361",66,1,9.7,W,18,27,1.4,N,Puerto Rico,"",Carolina,Atlantic,2023,09-June-23,3.7,Grouper 30-40 cm,Fish,0,0,0,0,Paco Lopez Mujica,"Fernando Rodriguez - Negron, Joel Melendez-Diaz","",""
2b11c3cc-a515-46b0-b2cc-596f41fe7c09,05b19eaf-80f2-4b39-8037-9c053995ada3,66.1.9.7W.18.27.1.4N,Isla Verde (Reserva Marina Arrecife Isla Verde),"18.450389, -66.019361",66,1,9.7,W,18,27,1.4,N,Puerto Rico,"",Carolina,Atlantic,2023,09-June-23,3.7,Grouper 40-50 cm,Fish,0,0,0,0,Paco Lopez Mujica,"Fernando Rodriguez - Negron, Joel Melendez-Diaz","",""
2b11c3cc-a515-46b0-b2cc-596f41fe7c09,05b19eaf-80f2-4b39-8037-9c053995ada3,66.1.9.7W.18.27.1.4N,Isla Verde (Reserva Marina Arrecife Isla Verde),"18.450389, -66.019361",66,1,9.7,W,18,27,1.4,N,Puerto Rico,"",Carolina,Atlantic,2023,09-June-23,3.7,Grouper 50-60 cm,Fish,0,0,0,0,Paco Lopez Mujica,"Fernando Rodriguez - Negron, Joel Melendez-Diaz","",""
2b11c3cc-a515-46b0-b2cc-596f41fe7c09,05b19eaf-80f2-4b39-8037-9c053995ada3,66.1.9.7W.18.27.1.4N,Isla Verde (Reserva Marina Arrecife Isla Verde),"18.450389, -66.019361",66,1,9.7,W,18,27,1.4,N,Puerto Rico,"",Carolina,Atlantic,2023,09-June-23,3.7,Grouper > 60 cm,Fish,0,0,0,0,Paco Lopez Mujica,"Fernando Rodriguez - Negron, Joel Melendez-Diaz","",""
2b11c3cc-a515-46b0-b2cc-596f41fe7c09,05b19eaf-80f2-4b39-8037-9c053995ada3,66.1.9.7W.18.27.1.4N,Isla Verde (Reserva Marina Arrecife Isla Verde),"18.450389, -66.019361",66,1,9.7,W,18,27,1.4,N,Puerto Rico,"",Carolina,Atlantic,2023,09-June-23,3.7,Grouper Total,Fish,0,0,0,0,Paco Lopez Mujica,"Fernando Rodriguez - Negron, Joel Melendez-Diaz","",""
2b11c3cc-a515-46b0-b2cc-596f41fe7c09,05b19eaf-80f2-4b39-8037-9c053995ada3,66.1.9.7W.18.27.1.4N,Isla Verde (Reserva Marina Arrecife Isla Verde),"18.450389, -66.019361",66,1,9.7,W,18,27,1.4,N,Puerto Rico,"",Carolina,Atlantic,2023,09-June-23,3.7,Banded Coral Shrimp,Invertebrate,0,1,0,0,Paco Lopez Mujica,"Fernando Rodriguez - Negron, Joel Melendez-Diaz","",""
2b11c3cc-a515-46b0-b2cc-596f41fe7c09,05b19eaf-80f2-4b39-8037-9c053995ada3,66.1.9.7W.18.27.1.4N,Isla Verde (Reserva Marina Arrecife Isla Verde),"18.450389, -66.019361",66,1,9.7,W,18,27,1.4,N,Puerto Rico,"",Carolina,Atlantic,2023,09-June-23,3.7,Diadema,Invertebrate,4,2,1,6,Paco Lopez Mujica,"Fernando Rodriguez - Negron, Joel Melendez-Diaz","",""
2b11c3cc-a515-46b0-b2cc-596f41fe7c09,05b19eaf-80f2-4b39-8037-9c053995ada3,66.1.9.7W.18.27.1.4N,Isla Verde (Reserva Marina Arrecife Isla Verde),"18.450389, -66.019361",66,1,9.7,W,18,27,1.4,N,Puerto Rico,"",Carolina,Atlantic,2023,09-June-23,3.7,Pencil Urchin,Invertebrate,8,1,1,2,Paco Lopez Mujica,"Fernando Rodriguez - Negron, Joel Melendez-Diaz","",""
2b11c3cc-a515-46b0-b2cc-596f41fe7c09,05b19eaf-80f2-4b39-8037-9c053995ada3,66.1.9.7W.18.27.1.4N,Isla Verde (Reserva Marina Arrecife Isla Verde),"18.450389, -66.019361",66,1,9.7,W,18,27,1.4,N,Puerto Rico,"",Carolina,Atlantic,2023,09-June-23,3.7,Tripneustes,Invertebrate,3,0,0,3,Paco Lopez Mujica,"Fernando Rodriguez - Negron, Joel Melendez-Diaz","",""
2b11c3cc-a515-46b0-b2cc-596f41fe7c09,05b19eaf-80f2-4b39-8037-9c053995ada3,66.1.9.7W.18.27.1.4N,Isla Verde (Reserva Marina Arrecife Isla Verde),"18.450389, -66.019361",66,1,9.7,W,18,27,1.4,N,Puerto Rico,"",Carolina,Atlantic,2023,09-June-23,3.7,Triton,Invertebrate,0,0,0,0,Paco Lopez Mujica,"Fernando Rodriguez - Negron, Joel Melendez-Diaz","",""
2b11c3cc-a515-46b0-b2cc-596f41fe7c09,05b19eaf-80f2-4b39-8037-9c053995ada3,66.1.9.7W.18.27.1.4N,Isla Verde (Reserva Marina Arrecife Isla Verde),"18.450389, -66.019361",66,1,9.7,W,18,27,1.4,N,Puerto Rico,"",Carolina,Atlantic,2023,09-June-23,3.7,Flamingo Tongue,Invertebrate,0,2,2,7,Paco Lopez Mujica,"Fernando Rodriguez - Negron, Joel Melendez-Diaz","",""
2b11c3cc-a515-46b0-b2cc-596f41fe7c09,05b19eaf-80f2-4b39-8037-9c053995ada3,66.1.9.7W.18.27.1.4N,Isla Verde (Reserva Marina Arrecife Isla Verde),"18.450389, -66.019361",66,1,9.7,W,18,27,1.4,N,Puerto Rico,"",Carolina,Atlantic,2023,09-June-23,3.7,Gorgonian,Invertebrate,110,180,160,170,Paco Lopez Mujica,"Fernando Rodriguez - Negron, Joel Melendez-Diaz","",""
2b11c3cc-a515-46b0-b2cc-596f41fe7c09,05b19eaf-80f2-4b39-8037-9c053995ada3,66.1.9.7W.18.27.1.4N,Isla Verde (Reserva Marina Arrecife Isla Verde),"18.450389, -66.019361",66,1,9.7,W,18,27,1.4,N,Puerto Rico,"",Carolina,Atlantic,2023,09-June-23,3.7,Lobster,Invertebrate,0,0,1,1,Paco Lopez Mujica,"Fernando Rodriguez - Negron, Joel Melendez-Diaz","",""
2b11c3cc-a515-46b0-b2cc-596f41fe7c09,05b19eaf-80f2-4b39-8037-9c053995ada3,66.1.9.7W.18.27.1.4N,Isla Verde (Reserva Marina Arrecife Isla Verde),"18.450389, -66.019361",66,1,9.7,W,18,27,1.4,N,Puerto Rico,"",Carolina,Atlantic,2023,09-June-23,3.7,Coral Damage Anchor,Impact,0,0,0,0,Paco Lopez Mujica,"Fernando Rodriguez - Negron, Joel Melendez-Diaz","",""
2b11c3cc-a515-46b0-b2cc-596f41fe7c09,05b19eaf-80f2-4b39-8037-9c053995ada3,66.1.9.7W.18.27.1.4N,Isla Verde (Reserva Marina Arrecife Isla Verde),"18.450389, -66.019361",66,1,9.7,W,18,27,1.4,N,Puerto Rico,"",Carolina,Atlantic,2023,09-June-23,3.7,Coral Damage Dynamite,Impact,0,0,0,0,Paco Lopez Mujica,"Fernando Rodriguez - Negron, Joel Melendez-Diaz","",""
2b11c3cc-a515-46b0-b2cc-596f41fe7c09,05b19eaf-80f2-4b39-8037-9c053995ada3,66.1.9.7W.18.27.1.4N,Isla Verde (Reserva Marina Arrecife Isla Verde),"18.450389, -66.019361",66,1,9.7,W,18,27,1.4,N,Puerto Rico,"",Carolina,Atlantic,2023,09-June-23,3.7,Coral Damage Other,Impact,0,0,2,1,Paco Lopez Mujica,"Fernando Rodriguez - Negron, Joel Melendez-Diaz","",""
2b11c3cc-a515-46b0-b2cc-596f41fe7c09,05b19eaf-80f2-4b39-8037-9c053995ada3,66.1.9.7W.18.27.1.4N,Isla Verde (Reserva Marina Arrecife Isla Verde),"18.450389, -66.019361",66,1,9.7,W,18,27,1.4,N,Puerto Rico,"",Carolina,Atlantic,2023,09-June-23,3.7,Trash Fish Nets,Impact,0,0,0,0,Paco Lopez Mujica,"Fernando Rodriguez - Negron, Joel Melendez-Diaz","",""
2b11c3cc-a515-46b0-b2cc-596f41fe7c09,05b19eaf-80f2-4b39-8037-9c053995ada3,66.1.9.7W.18.27.1.4N,Isla Verde (Reserva Marina Arrecife Isla Verde),"18.450389, -66.019361",66,1,9.7,W,18,27,1.4,N,Puerto Rico,"",Carolina,Atlantic,2023,09-June-23,3.7,Trash General,Impact,0,0,0,0,Paco Lopez Mujica,"Fernando Rodriguez - Negron, Joel Melendez-Diaz","",""
2b11c3cc-a515-46b0-b2cc-596f41fe7c09,05b19eaf-80f2-4b39-8037-9c053995ada3,66.1.9.7W.18.27.1.4N,Isla Verde (Reserva Marina Arrecife Isla Verde),"18.450389, -66.019361",66,1,9.7,W,18,27,1.4,N,Puerto Rico,"",Carolina,Atlantic,2023,09-June-23,3.7,Bleaching (% Of Population),Impact,0,0,0,0,Paco Lopez Mujica,"Fernando Rodriguez - Negron, Joel Melendez-Diaz","",""
2b11c3cc-a515-46b0-b2cc-596f41fe7c09,05b19eaf-80f2-4b39-8037-9c053995ada3,66.1.9.7W.18.27.1.4N,Isla Verde (Reserva Marina Arrecife Isla Verde),"18.450389, -66.019361",66,1,9.7,W,18,27,1.4,N,Puerto Rico,"",Carolina,Atlantic,2023,09-June-23,3.7,Bleaching (% Of Colony),Impact,0,0,0,0,Paco Lopez Mujica,"Fernando Rodriguez - Negron, Joel Melendez-Diaz","",""
2b11c3cc-a515-46b0-b2cc-596f41fe7c09,05b19eaf-80f2-4b39-8037-9c053995ada3,66.1.9.7W.18.27.1.4N,Isla Verde (Reserva Marina Arrecife Isla Verde),"18.450389, -66.019361",66,1,9.7,W,18,27,1.4,N,Puerto Rico,"",Carolina,Atlantic,2023,09-June-23,3.7,Black Band,Impact,2,0,7,2,Paco Lopez Mujica,"Fernando Rodriguez - Negron, Joel Melendez-Diaz","",""
2b11c3cc-a515-46b0-b2cc-596f41fe7c09,05b19eaf-80f2-4b39-8037-9c053995ada3,66.1.9.7W.18.27.1.4N,Isla Verde (Reserva Marina Arrecife Isla Verde),"18.450389, -66.019361",66,1,9.7,W,18,27,1.4,N,Puerto Rico,"",Carolina,Atlantic,2023,09-June-23,3.7,White Band,Impact,0,0,0,0,Paco Lopez Mujica,"Fernando Rodriguez - Negron, Joel Melendez-Diaz","",""
2b11c3cc-a515-46b0-b2cc-596f41fe7c09,05b19eaf-80f2-4b39-8037-9c053995ada3,66.1.9.7W.18.27.1.4N,Isla Verde (Reserva Marina Arrecife Isla Verde),"18.450389, -66.019361",66,1,9.7,W,18,27,1.4,N,Puerto Rico,"",Carolina,Atlantic,2023,09-June-23,3.7,White Plague,Impact,0,0,0,0,Paco Lopez Mujica,"Fernando Rodriguez - Negron, Joel Melendez-Diaz","",""
2b11c3cc-a515-46b0-b2cc-596f41fe7c09,05b19eaf-80f2-4b39-8037-9c053995ada3,66.1.9.7W.18.27.1.4N,Isla Verde (Reserva Marina Arrecife Isla Verde),"18.450389, -66.019361",66,1,9.7,W,18,27,1.4,N,Puerto Rico,"",Carolina,Atlantic,2023,09-June-23,3.7,Aspergillosis,Impact,37,15,13,11,Paco Lopez Mujica,"Fernando Rodriguez - Negron, Joel Melendez-Diaz","",""
2b11c3cc-a515-46b0-b2cc-596f41fe7c09,05b19eaf-80f2-4b39-8037-9c053995ada3,66.1.9.7W.18.27.1.4N,Isla Verde (Reserva Marina Arrecife Isla Verde),"18.450389, -66.019361",66,1,9.7,W,18,27,1.4,N,Puerto Rico,"",Carolina,Atlantic,2023,09-June-23,3.7,Sharks,Rare Animal,0,0,0,2,Paco Lopez Mujica,"Fernando Rodriguez - Negron, Joel Melendez-Diaz","",""
2b11c3cc-a515-46b0-b2cc-596f41fe7c09,05b19eaf-80f2-4b39-8037-9c053995ada3,66.1.9.7W.18.27.1.4N,Isla Verde (Reserva Marina Arrecife Isla Verde),"18.450389, -66.019361",66,1,9.7,W,18,27,1.4,N,Puerto Rico,"",Carolina,Atlantic,2023,09-June-23,3.7,Turtles,Rare Animal,0,0,0,0,Paco Lopez Mujica,"Fernando Rodriguez - Negron, Joel Melendez-Diaz","",""
2b11c3cc-a515-46b0-b2cc-596f41fe7c09,05b19eaf-80f2-4b39-8037-9c053995ada3,66.1.9.7W.18.27.1.4N,Isla Verde (Reserva Marina Arrecife Isla Verde),"18.450389, -66.019361",66,1,9.7,W,18,27,1.4,N,Puerto Rico,"",Carolina,Atlantic,2023,09-June-23,3.7,Mantas,Rare Animal,1,0,0,0,Paco Lopez Mujica,"Fernando Rodriguez - Negron, Joel Melendez-Diaz","",""
2b11c3cc-a515-46b0-b2cc-596f41fe7c09,05b19eaf-80f2-4b39-8037-9c053995ada3,66.1.9.7W.18.27.1.4N,Isla Verde (Reserva Marina Arrecife Isla Verde),"18.450389, -66.019361",66,1,9.7,W,18,27,1.4,N,Puerto Rico,"",Carolina,Atlantic,2023,09-June-23,3.7,Lionfish,Rare Animal,0,0,0,0,Paco Lopez Mujica,"Fernando Rodriguez - Negron, Joel Melendez-Diaz","",""
ab6a93ce-8fff-41c3-b89a-258a347afe17,61dcf9c7-7aaa-40a4-959a-7f284e21d445,66.17.41.0W.18.29.34.0N,Puerto Nuevo,"18.492778, -66.294722",66,17,41.0,W,18,29,34.0,N,Puerto Rico,"",Vega Baja,Atlantic,2023,24-June-23,3.3,Butterflyfish,Fish,2,2,0,2,Valerie Acota - Rodriguez,"Carolina Aragonés-Fred, Joel Melendez-Diaz","",""
ab6a93ce-8fff-41c3-b89a-258a347afe17,61dcf9c7-7aaa-40a4-959a-7f284e21d445,66.17.41.0W.18.29.34.0N,Puerto Nuevo,"18.492778, -66.294722",66,17,41.0,W,18,29,34.0,N,Puerto Rico,"",Vega Baja,Atlantic,2023,24-June-23,3.3,Haemulidae,Fish,1,13,0,8,Valerie Acota - Rodriguez,"Carolina Aragonés-Fred, Joel Melendez-Diaz","",""
ab6a93ce-8fff-41c3-b89a-258a347afe17,61dcf9c7-7aaa-40a4-959a-7f284e21d445,66.17.41.0W.18.29.34.0N,Puerto Nuevo,"18.492778, -66.294722",66,17,41.0,W,18,29,34.0,N,Puerto Rico,"",Vega Baja,Atlantic,2023,24-June-23,3.3,Snapper,Fish,0,0,0,0,Valerie Acota - Rodriguez,"Carolina Aragonés-Fred, Joel Melendez-Diaz","",""
ab6a93ce-8fff-41c3-b89a-258a347afe17,61dcf9c7-7aaa-40a4-959a-7f284e21d445,66.17.41.0W.18.29.34.0N,Puerto Nuevo,"18.492778, -66.294722",66,17,41.0,W,18,29,34.0,N,Puerto Rico,"",Vega Baja,Atlantic,2023,24-June-23,3.3,Parrotfish,Fish,1,0,0,1,Valerie Acota - Rodriguez,"Carolina Aragonés-Fred, Joel Melendez-Diaz","",""
ab6a93ce-8fff-41c3-b89a-258a347afe17,61dcf9c7-7aaa-40a4-959a-7f284e21d445,66.17.41.0W.18.29.34.0N,Puerto Nuevo,"18.492778, -66.294722",66,17,41.0,W,18,29,34.0,N,Puerto Rico,"",Vega Baja,Atlantic,2023,24-June-23,3.3,Moray Eel,Fish,0,1,0,0,Valerie Acota - Rodriguez,"Carolina Aragonés-Fred, Joel Melendez-Diaz","",""
ab6a93ce-8fff-41c3-b89a-258a347afe17,61dcf9c7-7aaa-40a4-959a-7f284e21d445,66.17.41.0W.18.29.34.0N,Puerto Nuevo,"18.492778, -66.294722",66,17,41.0,W,18,29,34.0,N,Puerto Rico,"",Vega Baja,Atlantic,2023,24-June-23,3.3,Nassau Grouper 30-40 cm,Fish,0,0,0,0,Valerie Acota - Rodriguez,"Carolina Aragonés-Fred, Joel Melendez-Diaz","",""
ab6a93ce-8fff-41c3-b89a-258a347afe17,61dcf9c7-7aaa-40a4-959a-7f284e21d445,66.17.41.0W.18.29.34.0N,Puerto Nuevo,"18.492778, -66.294722",66,17,41.0,W,18,29,34.0,N,Puerto Rico,"",Vega Baja,Atlantic,2023,24-June-23,3.3,Nassau Grouper 40-50 cm,Fish,0,0,0,0,Valerie Acota - Rodriguez,"Carolina Aragonés-Fred, Joel Melendez-Diaz","",""
ab6a93ce-8fff-41c3-b89a-258a347afe17,61dcf9c7-7aaa-40a4-959a-7f284e21d445,66.17.41.0W.18.29.34.0N,Puerto Nuevo,"18.492778, -66.294722",66,17,41.0,W,18,29,34.0,N,Puerto Rico,"",Vega Baja,Atlantic,2023,24-June-23,3.3,Nassau Grouper 50-60 cm,Fish,0,0,0,0,Valerie Acota - Rodriguez,"Carolina Aragonés-Fred, Joel Melendez-Diaz","",""
ab6a93ce-8fff-41c3-b89a-258a347afe17,61dcf9c7-7aaa-40a4-959a-7f284e21d445,66.17.41.0W.18.29.34.0N,Puerto Nuevo,"18.492778, -66.294722",66,17,41.0,W,18,29,34.0,N,Puerto Rico,"",Vega Baja,Atlantic,2023,24-June-23,3.3,Nassau Grouper > 60 cm,Fish,0,0,0,0,Valerie Acota - Rodriguez,"Carolina Aragonés-Fred, Joel Melendez-Diaz","",""
ab6a93ce-8fff-41c3-b89a-258a347afe17,61dcf9c7-7aaa-40a4-959a-7f284e21d445,66.17.41.0W.18.29.34.0N,Puerto Nuevo,"18.492778, -66.294722",66,17,41.0,W,18,29,34.0,N,Puerto Rico,"",Vega Baja,Atlantic,2023,24-June-23,3.3,Nassau Grouper Total,Fish,0,0,0,0,Valerie Acota - Rodriguez,"Carolina Aragonés-Fred, Joel Melendez-Diaz","",""
ab6a93ce-8fff-41c3-b89a-258a347afe17,61dcf9c7-7aaa-40a4-959a-7f284e21d445,66.17.41.0W.18.29.34.0N,Puerto Nuevo,"18.492778, -66.294722",66,17,41.0,W,18,29,34.0,N,Puerto Rico,"",Vega Baja,Atlantic,2023,24-June-23,3.3,Grouper 30-40 cm,Fish,0,0,0,0,Valerie Acota - Rodriguez,"Carolina Aragonés-Fred, Joel Melendez-Diaz","",""
ab6a93ce-8fff-41c3-b89a-258a347afe17,61dcf9c7-7aaa-40a4-959a-7f284e21d445,66.17.41.0W.18.29.34.0N,Puerto Nuevo,"18.492778, -66.294722",66,17,41.0,W,18,29,34.0,N,Puerto Rico,"",Vega Baja,Atlantic,2023,24-June-23,3.3,Grouper 40-50 cm,Fish,0,0,0,0,Valerie Acota - Rodriguez,"Carolina Aragonés-Fred, Joel Melendez-Diaz","",""
ab6a93ce-8fff-41c3-b89a-258a347afe17,61dcf9c7-7aaa-40a4-959a-7f284e21d445,66.17.41.0W.18.29.34.0N,Puerto Nuevo,"18.492778, -66.294722",66,17,41.0,W,18,29,34.0,N,Puerto Rico,"",Vega Baja,Atlantic,2023,24-June-23,3.3,Grouper 50-60 cm,Fish,0,0,0,0,Valerie Acota - Rodriguez,"Carolina Aragonés-Fred, Joel Melendez-Diaz","",""
ab6a93ce-8fff-41c3-b89a-258a347afe17,61dcf9c7-7aaa-40a4-959a-7f284e21d445,66.17.41.0W.18.29.34.0N,Puerto Nuevo,"18.492778, -66.294722",66,17,41.0,W,18,29,34.0,N,Puerto Rico,"",Vega Baja,Atlantic,2023,24-June-23,3.3,Grouper > 60 cm,Fish,0,0,0,0,Valerie Acota - Rodriguez,"Carolina Aragonés-Fred, Joel Melendez-Diaz","",""
ab6a93ce-8fff-41c3-b89a-258a347afe17,61dcf9c7-7aaa-40a4-959a-7f284e21d445,66.17.41.0W.18.29.34.0N,Puerto Nuevo,"18.492778, -66.294722",66,17,41.0,W,18,29,34.0,N,Puerto Rico,"",Vega Baja,Atlantic,2023,24-June-23,3.3,Grouper Total,Fish,0,0,0,0,Valerie Acota - Rodriguez,"Carolina Aragonés-Fred, Joel Melendez-Diaz","",""
ab6a93ce-8fff-41c3-b89a-258a347afe17,61dcf9c7-7aaa-40a4-959a-7f284e21d445,66.17.41.0W.18.29.34.0N,Puerto Nuevo,"18.492778, -66.294722",66,17,41.0,W,18,29,34.0,N,Puerto Rico,"",Vega Baja,Atlantic,2023,24-June-23,3.3,Banded Coral Shrimp,Invertebrate,0,0,0,0,Valerie Acota - Rodriguez,"Carolina Aragonés-Fred, Joel Melendez-Diaz","",""
ab6a93ce-8fff-41c3-b89a-258a347afe17,61dcf9c7-7aaa-40a4-959a-7f284e21d445,66.17.41.0W.18.29.34.0N,Puerto Nuevo,"18.492778, -66.294722",66,17,41.0,W,18,29,34.0,N,Puerto Rico,"",Vega Baja,Atlantic,2023,24-June-23,3.3,Diadema,Invertebrate,1,5,29,1,Valerie Acota - Rodriguez,"Carolina Aragonés-Fred, Joel Melendez-Diaz","",""
ab6a93ce-8fff-41c3-b89a-258a347afe17,61dcf9c7-7aaa-40a4-959a-7f284e21d445,66.17.41.0W.18.29.34.0N,Puerto Nuevo,"18.492778, -66.294722",66,17,41.0,W,18,29,34.0,N,Puerto Rico,"",Vega Baja,Atlantic,2023,24-June-23,3.3,Pencil Urchin,Invertebrate,0,3,5,10,Valerie Acota - Rodriguez,"Carolina Aragonés-Fred, Joel Melendez-Diaz","",""
ab6a93ce-8fff-41c3-b89a-258a347afe17,61dcf9c7-7aaa-40a4-959a-7f284e21d445,66.17.41.0W.18.29.34.0N,Puerto Nuevo,"18.492778, -66.294722",66,17,41.0,W,18,29,34.0,N,Puerto Rico,"",Vega Baja,Atlantic,2023,24-June-23,3.3,Tripneustes,Invertebrate,1,0,0,0,Valerie Acota - Rodriguez,"Carolina Aragonés-Fred, Joel Melendez-Diaz","",""
ab6a93ce-8fff-41c3-b89a-258a347afe17,61dcf9c7-7aaa-40a4-959a-7f284e21d445,66.17.41.0W.18.29.34.0N,Puerto Nuevo,"18.492778, -66.294722",66,17,41.0,W,18,29,34.0,N,Puerto Rico,"",Vega Baja,Atlantic,2023,24-June-23,3.3,Triton,Invertebrate,0,0,0,0,Valerie Acota - Rodriguez,"Carolina Aragonés-Fred, Joel Melendez-Diaz","",""
ab6a93ce-8fff-41c3-b89a-258a347afe17,61dcf9c7-7aaa-40a4-959a-7f284e21d445,66.17.41.0W.18.29.34.0N,Puerto Nuevo,"18.492778, -66.294722",66,17,41.0,W,18,29,34.0,N,Puerto Rico,"",Vega Baja,Atlantic,2023,24-June-23,3.3,Flamingo Tongue,Invertebrate,0,4,1,0,Valerie Acota - Rodriguez,"Carolina Aragonés-Fred, Joel Melendez-Diaz","",""
ab6a93ce-8fff-41c3-b89a-258a347afe17,61dcf9c7-7aaa-40a4-959a-7f284e21d445,66.17.41.0W.18.29.34.0N,Puerto Nuevo,"18.492778, -66.294722",66,17,41.0,W,18,29,34.0,N,Puerto Rico,"",Vega Baja,Atlantic,2023,24-June-23,3.3,Gorgonian,Invertebrate,8,37,17,34,Valerie Acota - Rodriguez,"Carolina Aragonés-Fred, Joel Melendez-Diaz","",""
ab6a93ce-8fff-41c3-b89a-258a347afe17,61dcf9c7-7aaa-40a4-959a-7f284e21d445,66.17.41.0W.18.29.34.0N,Puerto Nuevo,"18.492778, -66.294722",66,17,41.0,W,18,29,34.0,N,Puerto Rico,"",Vega Baja,Atlantic,2023,24-June-23,3.3,Lobster,Invertebrate,0,0,0,0,Valerie Acota - Rodriguez,"Carolina Aragonés-Fred, Joel Melendez-Diaz","",""
ab6a93ce-8fff-41c3-b89a-258a347afe17,61dcf9c7-7aaa-40a4-959a-7f284e21d445,66.17.41.0W.18.29.34.0N,Puerto Nuevo,"18.492778, -66.294722",66,17,41.0,W,18,29,34.0,N,Puerto Rico,"",Vega Baja,Atlantic,2023,24-June-23,3.3,Coral Damage Anchor,Impact,0,0,0,0,Valerie Acota - Rodriguez,"Carolina Aragonés-Fred, Joel Melendez-Diaz","",""
ab6a93ce-8fff-41c3-b89a-258a347afe17,61dcf9c7-7aaa-40a4-959a-7f284e21d445,66.17.41.0W.18.29.34.0N,Puerto Nuevo,"18.492778, -66.294722",66,17,41.0,W,18,29,34.0,N,Puerto Rico,"",Vega Baja,Atlantic,2023,24-June-23,3.3,Coral Damage Dynamite,Impact,0,0,0,0,Valerie Acota - Rodriguez,"Carolina Aragonés-Fred, Joel Melendez-Diaz","",""
ab6a93ce-8fff-41c3-b89a-258a347afe17,61dcf9c7-7aaa-40a4-959a-7f284e21d445,66.17.41.0W.18.29.34.0N,Puerto Nuevo,"18.492778, -66.294722",66,17,41.0,W,18,29,34.0,N,Puerto Rico,"",Vega Baja,Atlantic,2023,24-June-23,3.3,Coral Damage Other,Impact,1,0,0,0,Valerie Acota - Rodriguez,"Carolina Aragonés-Fred, Joel Melendez-Diaz","",""
ab6a93ce-8fff-41c3-b89a-258a347afe17,61dcf9c7-7aaa-40a4-959a-7f284e21d445,66.17.41.0W.18.29.34.0N,Puerto Nuevo,"18.492778, -66.294722",66,17,41.0,W,18,29,34.0,N,Puerto Rico,"",Vega Baja,Atlantic,2023,24-June-23,3.3,Trash Fish Nets,Impact,0,0,0,0,Valerie Acota - Rodriguez,"Carolina Aragonés-Fred, Joel Melendez-Diaz","",""
ab6a93ce-8fff-41c3-b89a-258a347afe17,61dcf9c7-7aaa-40a4-959a-7f284e21d445,66.17.41.0W.18.29.34.0N,Puerto Nuevo,"18.492778, -66.294722",66,17,41.0,W,18,29,34.0,N,Puerto Rico,"",Vega Baja,Atlantic,2023,24-June-23,3.3,Trash General,Impact,1,1,0,0,Valerie Acota - Rodriguez,"Carolina Aragonés-Fred, Joel Melendez-Diaz","",""
ab6a93ce-8fff-41c3-b89a-258a347afe17,61dcf9c7-7aaa-40a4-959a-7f284e21d445,66.17.41.0W.18.29.34.0N,Puerto Nuevo,"18.492778, -66.294722",66,17,41.0,W,18,29,34.0,N,Puerto Rico,"",Vega Baja,Atlantic,2023,24-June-23,3.3,Bleaching (% Of Population),Impact,1,2,3,2,Valerie Acota - Rodriguez,"Carolina Aragonés-Fred, Joel Melendez-Diaz","",""
ab6a93ce-8fff-41c3-b89a-258a347afe17,61dcf9c7-7aaa-40a4-959a-7f284e21d445,66.17.41.0W.18.29.34.0N,Puerto Nuevo,"18.492778, -66.294722",66,17,41.0,W,18,29,34.0,N,Puerto Rico,"",Vega Baja,Atlantic,2023,24-June-23,3.3,Bleaching (% Of Colony),Impact,100,30,40,50,Valerie Acota - Rodriguez,"Carolina Aragonés-Fred, Joel Melendez-Diaz","",""
ab6a93ce-8fff-41c3-b89a-258a347afe17,61dcf9c7-7aaa-40a4-959a-7f284e21d445,66.17.41.0W.18.29.34.0N,Puerto Nuevo,"18.492778, -66.294722",66,17,41.0,W,18,29,34.0,N,Puerto Rico,"",Vega Baja,Atlantic,2023,24-June-23,3.3,Black Band,Impact,0,0,0,0,Valerie Acota - Rodriguez,"Carolina Aragonés-Fred, Joel Melendez-Diaz","",""
ab6a93ce-8fff-41c3-b89a-258a347afe17,61dcf9c7-7aaa-40a4-959a-7f284e21d445,66.17.41.0W.18.29.34.0N,Puerto Nuevo,"18.492778, -66.294722",66,17,41.0,W,18,29,34.0,N,Puerto Rico,"",Vega Baja,Atlantic,2023,24-June-23,3.3,White Band,Impact,0,0,0,0,Valerie Acota - Rodriguez,"Carolina Aragonés-Fred, Joel Melendez-Diaz","",""
ab6a93ce-8fff-41c3-b89a-258a347afe17,61dcf9c7-7aaa-40a4-959a-7f284e21d445,66.17.41.0W.18.29.34.0N,Puerto Nuevo,"18.492778, -66.294722",66,17,41.0,W,18,29,34.0,N,Puerto Rico,"",Vega Baja,Atlantic,2023,24-June-23,3.3,White Plague,Impact,0,0,0,0,Valerie Acota - Rodriguez,"Carolina Aragonés-Fred, Joel Melendez-Diaz","",""
ab6a93ce-8fff-41c3-b89a-258a347afe17,61dcf9c7-7aaa-40a4-959a-7f284e21d445,66.17.41.0W.18.29.34.0N,Puerto Nuevo,"18.492778, -66.294722",66,17,41.0,W,18,29,34.0,N,Puerto Rico,"",Vega Baja,Atlantic,2023,24-June-23,3.3,Aspergillosis,Impact,38,30,6,0,Valerie Acota - Rodriguez,"Carolina Aragonés-Fred, Joel Melendez-Diaz","",""
ab6a93ce-8fff-41c3-b89a-258a347afe17,61dcf9c7-7aaa-40a4-959a-7f284e21d445,66.17.41.0W.18.29.34.0N,Puerto Nuevo,"18.492778, -66.294722",66,17,41.0,W,18,29,34.0,N,Puerto Rico,"",Vega Baja,Atlantic,2023,24-June-23,3.3,Sharks,Rare Animal,0,0,0,0,Valerie Acota - Rodriguez,"Carolina Aragonés-Fred, Joel Melendez-Diaz","",""
ab6a93ce-8fff-41c3-b89a-258a347afe17,61dcf9c7-7aaa-40a4-959a-7f284e21d445,66.17.41.0W.18.29.34.0N,Puerto Nuevo,"18.492778, -66.294722",66,17,41.0,W,18,29,34.0,N,Puerto Rico,"",Vega Baja,Atlantic,2023,24-June-23,3.3,Turtles,Rare Animal,0,0,0,0,Valerie Acota - Rodriguez,"Carolina Aragonés-Fred, Joel Melendez-Diaz","",""
ab6a93ce-8fff-41c3-b89a-258a347afe17,61dcf9c7-7aaa-40a4-959a-7f284e21d445,66.17.41.0W.18.29.34.0N,Puerto Nuevo,"18.492778, -66.294722",66,17,41.0,W,18,29,34.0,N,Puerto Rico,"",Vega Baja,Atlantic,2023,24-June-23,3.3,Mantas,Rare Animal,0,0,0,0,Valerie Acota - Rodriguez,"Carolina Aragonés-Fred, Joel Melendez-Diaz","",""
ab6a93ce-8fff-41c3-b89a-258a347afe17,61dcf9c7-7aaa-40a4-959a-7f284e21d445,66.17.41.0W.18.29.34.0N,Puerto Nuevo,"18.492778, -66.294722",66,17,41.0,W,18,29,34.0,N,Puerto Rico,"",Vega Baja,Atlantic,2023,24-June-23,3.3,Lionfish,Rare Animal,0,0,2,0,Valerie Acota - Rodriguez,"Carolina Aragonés-Fred, Joel Melendez-Diaz","",""
e31a559e-44d4-47d9-a7dc-5514028686df,6a45cba0-11be-4473-9db4-ee178bdd9406,66.11.20.6W.18.28.27.5N,Punta Salinas ,"18.474306, -66.189056",66,11,20.6,W,18,28,27.5,N,Puerto Rico,"",Toa Baja,Atlantic,2023,27-June-23,2.0,Butterflyfish,Fish,1,2,0,0,Joel Melendez-Diaz,"Carolina Aragonés-Fred, Fernando Rodriguez - Negron, Liz A Collazo - Pagán","",""
e31a559e-44d4-47d9-a7dc-5514028686df,6a45cba0-11be-4473-9db4-ee178bdd9406,66.11.20.6W.18.28.27.5N,Punta Salinas ,"18.474306, -66.189056",66,11,20.6,W,18,28,27.5,N,Puerto Rico,"",Toa Baja,Atlantic,2023,27-June-23,2.0,Haemulidae,Fish,0,0,0,0,Joel Melendez-Diaz,"Carolina Aragonés-Fred, Fernando Rodriguez - Negron, Liz A Collazo - Pagán","",""
e31a559e-44d4-47d9-a7dc-5514028686df,6a45cba0-11be-4473-9db4-ee178bdd9406,66.11.20.6W.18.28.27.5N,Punta Salinas ,"18.474306, -66.189056",66,11,20.6,W,18,28,27.5,N,Puerto Rico,"",Toa Baja,Atlantic,2023,27-June-23,2.0,Snapper,Fish,0,0,0,0,Joel Melendez-Diaz,"Carolina Aragonés-Fred, Fernando Rodriguez - Negron, Liz A Collazo - Pagán","",""
e31a559e-44d4-47d9-a7dc-5514028686df,6a45cba0-11be-4473-9db4-ee178bdd9406,66.11.20.6W.18.28.27.5N,Punta Salinas ,"18.474306, -66.189056",66,11,20.6,W,18,28,27.5,N,Puerto Rico,"",Toa Baja,Atlantic,2023,27-June-23,2.0,Parrotfish,Fish,0,0,0,0,Joel Melendez-Diaz,"Carolina Aragonés-Fred, Fernando Rodriguez - Negron, Liz A Collazo - Pagán","",""
e31a559e-44d4-47d9-a7dc-5514028686df,6a45cba0-11be-4473-9db4-ee178bdd9406,66.11.20.6W.18.28.27.5N,Punta Salinas ,"18.474306, -66.189056",66,11,20.6,W,18,28,27.5,N,Puerto Rico,"",Toa Baja,Atlantic,2023,27-June-23,2.0,Moray Eel,Fish,0,0,0,0,Joel Melendez-Diaz,"Carolina Aragonés-Fred, Fernando Rodriguez - Negron, Liz A Collazo - Pagán","",""
e31a559e-44d4-47d9-a7dc-5514028686df,6a45cba0-11be-4473-9db4-ee178bdd9406,66.11.20.6W.18.28.27.5N,Punta Salinas ,"18.474306, -66.189056",66,11,20.6,W,18,28,27.5,N,Puerto Rico,"",Toa Baja,Atlantic,2023,27-June-23,2.0,Nassau Grouper 30-40 cm,Fish,0,0,0,0,Joel Melendez-Diaz,"Carolina Aragonés-Fred, Fernando Rodriguez - Negron, Liz A Collazo - Pagán","",""
e31a559e-44d4-47d9-a7dc-5514028686df,6a45cba0-11be-4473-9db4-ee178bdd9406,66.11.20.6W.18.28.27.5N,Punta Salinas ,"18.474306, -66.189056",66,11,20.6,W,18,28,27.5,N,Puerto Rico,"",Toa Baja,Atlantic,2023,27-June-23,2.0,Nassau Grouper 40-50 cm,Fish,0,0,0,0,Joel Melendez-Diaz,"Carolina Aragonés-Fred, Fernando Rodriguez - Negron, Liz A Collazo - Pagán","",""
e31a559e-44d4-47d9-a7dc-5514028686df,6a45cba0-11be-4473-9db4-ee178bdd9406,66.11.20.6W.18.28.27.5N,Punta Salinas ,"18.474306, -66.189056",66,11,20.6,W,18,28,27.5,N,Puerto Rico,"",Toa Baja,Atlantic,2023,27-June-23,2.0,Nassau Grouper 50-60 cm,Fish,0,0,0,0,Joel Melendez-Diaz,"Carolina Aragonés-Fred, Fernando Rodriguez - Negron, Liz A Collazo - Pagán","",""
e31a559e-44d4-47d9-a7dc-5514028686df,6a45cba0-11be-4473-9db4-ee178bdd9406,66.11.20.6W.18.28.27.5N,Punta Salinas ,"18.474306, -66.189056",66,11,20.6,W,18,28,27.5,N,Puerto Rico,"",Toa Baja,Atlantic,2023,27-June-23,2.0,Nassau Grouper > 60 cm,Fish,0,0,0,0,Joel Melendez-Diaz,"Carolina Aragonés-Fred, Fernando Rodriguez - Negron, Liz A Collazo - Pagán","",""
e31a559e-44d4-47d9-a7dc-5514028686df,6a45cba0-11be-4473-9db4-ee178bdd9406,66.11.20.6W.18.28.27.5N,Punta Salinas ,"18.474306, -66.189056",66,11,20.6,W,18,28,27.5,N,Puerto Rico,"",Toa Baja,Atlantic,2023,27-June-23,2.0,Nassau Grouper Total,Fish,0,0,0,0,Joel Melendez-Diaz,"Carolina Aragonés-Fred, Fernando Rodriguez - Negron, Liz A Collazo - Pagán","",""
e31a559e-44d4-47d9-a7dc-5514028686df,6a45cba0-11be-4473-9db4-ee178bdd9406,66.11.20.6W.18.28.27.5N,Punta Salinas ,"18.474306, -66.189056",66,11,20.6,W,18,28,27.5,N,Puerto Rico,"",Toa Baja,Atlantic,2023,27-June-23,2.0,Grouper 30-40 cm,Fish,0,0,0,0,Joel Melendez-Diaz,"Carolina Aragonés-Fred, Fernando Rodriguez - Negron, Liz A Collazo - Pagán","",""
e31a559e-44d4-47d9-a7dc-5514028686df,6a45cba0-11be-4473-9db4-ee178bdd9406,66.11.20.6W.18.28.27.5N,Punta Salinas ,"18.474306, -66.189056",66,11,20.6,W,18,28,27.5,N,Puerto Rico,"",Toa Baja,Atlantic,2023,27-June-23,2.0,Grouper 40-50 cm,Fish,0,0,0,0,Joel Melendez-Diaz,"Carolina Aragonés-Fred, Fernando Rodriguez - Negron, Liz A Collazo - Pagán","",""
e31a559e-44d4-47d9-a7dc-5514028686df,6a45cba0-11be-4473-9db4-ee178bdd9406,66.11.20.6W.18.28.27.5N,Punta Salinas ,"18.474306, -66.189056",66,11,20.6,W,18,28,27.5,N,Puerto Rico,"",Toa Baja,Atlantic,2023,27-June-23,2.0,Grouper 50-60 cm,Fish,0,0,0,0,Joel Melendez-Diaz,"Carolina Aragonés-Fred, Fernando Rodriguez - Negron, Liz A Collazo - Pagán","",""
e31a559e-44d4-47d9-a7dc-5514028686df,6a45cba0-11be-4473-9db4-ee178bdd9406,66.11.20.6W.18.28.27.5N,Punta Salinas ,"18.474306, -66.189056",66,11,20.6,W,18,28,27.5,N,Puerto Rico,"",Toa Baja,Atlantic,2023,27-June-23,2.0,Grouper > 60 cm,Fish,0,0,0,0,Joel Melendez-Diaz,"Carolina Aragonés-Fred, Fernando Rodriguez - Negron, Liz A Collazo - Pagán","",""
e31a559e-44d4-47d9-a7dc-5514028686df,6a45cba0-11be-4473-9db4-ee178bdd9406,66.11.20.6W.18.28.27.5N,Punta Salinas ,"18.474306, -66.189056",66,11,20.6,W,18,28,27.5,N,Puerto Rico,"",Toa Baja,Atlantic,2023,27-June-23,2.0,Grouper Total,Fish,0,0,0,0,Joel Melendez-Diaz,"Carolina Aragonés-Fred, Fernando Rodriguez - Negron, Liz A Collazo - Pagán","",""
e31a559e-44d4-47d9-a7dc-5514028686df,6a45cba0-11be-4473-9db4-ee178bdd9406,66.11.20.6W.18.28.27.5N,Punta Salinas ,"18.474306, -66.189056",66,11,20.6,W,18,28,27.5,N,Puerto Rico,"",Toa Baja,Atlantic,2023,27-June-23,2.0,Banded Coral Shrimp,Invertebrate,0,0,0,0,Joel Melendez-Diaz,"Carolina Aragonés-Fred, Fernando Rodriguez - Negron, Liz A Collazo - Pagán","",""
e31a559e-44d4-47d9-a7dc-5514028686df,6a45cba0-11be-4473-9db4-ee178bdd9406,66.11.20.6W.18.28.27.5N,Punta Salinas ,"18.474306, -66.189056",66,11,20.6,W,18,28,27.5,N,Puerto Rico,"",Toa Baja,Atlantic,2023,27-June-23,2.0,Diadema,Invertebrate,0,1,1,2,Joel Melendez-Diaz,"Carolina Aragonés-Fred, Fernando Rodriguez - Negron, Liz A Collazo - Pagán","",""
e31a559e-44d4-47d9-a7dc-5514028686df,6a45cba0-11be-4473-9db4-ee178bdd9406,66.11.20.6W.18.28.27.5N,Punta Salinas ,"18.474306, -66.189056",66,11,20.6,W,18,28,27.5,N,Puerto Rico,"",Toa Baja,Atlantic,2023,27-June-23,2.0,Pencil Urchin,Invertebrate,1,1,1,0,Joel Melendez-Diaz,"Carolina Aragonés-Fred, Fernando Rodriguez - Negron, Liz A Collazo - Pagán","",""
e31a559e-44d4-47d9-a7dc-5514028686df,6a45cba0-11be-4473-9db4-ee178bdd9406,66.11.20.6W.18.28.27.5N,Punta Salinas ,"18.474306, -66.189056",66,11,20.6,W,18,28,27.5,N,Puerto Rico,"",Toa Baja,Atlantic,2023,27-June-23,2.0,Tripneustes,Invertebrate,0,0,0,0,Joel Melendez-Diaz,"Carolina Aragonés-Fred, Fernando Rodriguez - Negron, Liz A Collazo - Pagán","",""
e31a559e-44d4-47d9-a7dc-5514028686df,6a45cba0-11be-4473-9db4-ee178bdd9406,66.11.20.6W.18.28.27.5N,Punta Salinas ,"18.474306, -66.189056",66,11,20.6,W,18,28,27.5,N,Puerto Rico,"",Toa Baja,Atlantic,2023,27-June-23,2.0,Triton,Invertebrate,0,0,0,0,Joel Melendez-Diaz,"Carolina Aragonés-Fred, Fernando Rodriguez - Negron, Liz A Collazo - Pagán","",""
e31a559e-44d4-47d9-a7dc-5514028686df,6a45cba0-11be-4473-9db4-ee178bdd9406,66.11.20.6W.18.28.27.5N,Punta Salinas ,"18.474306, -66.189056",66,11,20.6,W,18,28,27.5,N,Puerto Rico,"",Toa Baja,Atlantic,2023,27-June-23,2.0,Flamingo Tongue,Invertebrate,0,0,0,0,Joel Melendez-Diaz,"Carolina Aragonés-Fred, Fernando Rodriguez - Negron, Liz A Collazo - Pagán","",""
e31a559e-44d4-47d9-a7dc-5514028686df,6a45cba0-11be-4473-9db4-ee178bdd9406,66.11.20.6W.18.28.27.5N,Punta Salinas ,"18.474306, -66.189056",66,11,20.6,W,18,28,27.5,N,Puerto Rico,"",Toa Baja,Atlantic,2023,27-June-23,2.0,Gorgonian,Invertebrate,0,0,0,2,Joel Melendez-Diaz,"Carolina Aragonés-Fred, Fernando Rodriguez - Negron, Liz A Collazo - Pagán","",""
e31a559e-44d4-47d9-a7dc-5514028686df,6a45cba0-11be-4473-9db4-ee178bdd9406,66.11.20.6W.18.28.27.5N,Punta Salinas ,"18.474306, -66.189056",66,11,20.6,W,18,28,27.5,N,Puerto Rico,"",Toa Baja,Atlantic,2023,27-June-23,2.0,Lobster,Invertebrate,0,0,0,0,Joel Melendez-Diaz,"Carolina Aragonés-Fred, Fernando Rodriguez - Negron, Liz A Collazo - Pagán","",""
e31a559e-44d4-47d9-a7dc-5514028686df,6a45cba0-11be-4473-9db4-ee178bdd9406,66.11.20.6W.18.28.27.5N,Punta Salinas ,"18.474306, -66.189056",66,11,20.6,W,18,28,27.5,N,Puerto Rico,"",Toa Baja,Atlantic,2023,27-June-23,2.0,Coral Damage Anchor,Impact,0,0,0,0,Joel Melendez-Diaz,"Carolina Aragonés-Fred, Fernando Rodriguez - Negron, Liz A Collazo - Pagán","",""
e31a559e-44d4-47d9-a7dc-5514028686df,6a45cba0-11be-4473-9db4-ee178bdd9406,66.11.20.6W.18.28.27.5N,Punta Salinas ,"18.474306, -66.189056",66,11,20.6,W,18,28,27.5,N,Puerto Rico,"",Toa Baja,Atlantic,2023,27-June-23,2.0,Coral Damage Dynamite,Impact,0,0,0,0,Joel Melendez-Diaz,"Carolina Aragonés-Fred, Fernando Rodriguez - Negron, Liz A Collazo - Pagán","",""
e31a559e-44d4-47d9-a7dc-5514028686df,6a45cba0-11be-4473-9db4-ee178bdd9406,66.11.20.6W.18.28.27.5N,Punta Salinas ,"18.474306, -66.189056",66,11,20.6,W,18,28,27.5,N,Puerto Rico,"",Toa Baja,Atlantic,2023,27-June-23,2.0,Coral Damage Other,Impact,3,3,3,3,Joel Melendez-Diaz,"Carolina Aragonés-Fred, Fernando Rodriguez - Negron, Liz A Collazo - Pagán","",""
e31a559e-44d4-47d9-a7dc-5514028686df,6a45cba0-11be-4473-9db4-ee178bdd9406,66.11.20.6W.18.28.27.5N,Punta Salinas ,"18.474306, -66.189056",66,11,20.6,W,18,28,27.5,N,Puerto Rico,"",Toa Baja,Atlantic,2023,27-June-23,2.0,Trash Fish Nets,Impact,0,0,0,0,Joel Melendez-Diaz,"Carolina Aragonés-Fred, Fernando Rodriguez - Negron, Liz A Collazo - Pagán","",""
e31a559e-44d4-47d9-a7dc-5514028686df,6a45cba0-11be-4473-9db4-ee178bdd9406,66.11.20.6W.18.28.27.5N,Punta Salinas ,"18.474306, -66.189056",66,11,20.6,W,18,28,27.5,N,Puerto Rico,"",Toa Baja,Atlantic,2023,27-June-23,2.0,Trash General,Impact,1,1,0,0,Joel Melendez-Diaz,"Carolina Aragonés-Fred, Fernando Rodriguez - Negron, Liz A Collazo - Pagán","",""
e31a559e-44d4-47d9-a7dc-5514028686df,6a45cba0-11be-4473-9db4-ee178bdd9406,66.11.20.6W.18.28.27.5N,Punta Salinas ,"18.474306, -66.189056",66,11,20.6,W,18,28,27.5,N,Puerto Rico,"",Toa Baja,Atlantic,2023,27-June-23,2.0,Bleaching (% Of Population),Impact,43,78,31,40,Joel Melendez-Diaz,"Carolina Aragonés-Fred, Fernando Rodriguez - Negron, Liz A Collazo - Pagán","",""
e31a559e-44d4-47d9-a7dc-5514028686df,6a45cba0-11be-4473-9db4-ee178bdd9406,66.11.20.6W.18.28.27.5N,Punta Salinas ,"18.474306, -66.189056",66,11,20.6,W,18,28,27.5,N,Puerto Rico,"",Toa Baja,Atlantic,2023,27-June-23,2.0,Bleaching (% Of Colony),Impact,100,100,100,100,Joel Melendez-Diaz,"Carolina Aragonés-Fred, Fernando Rodriguez - Negron, Liz A Collazo - Pagán","",""
e31a559e-44d4-47d9-a7dc-5514028686df,6a45cba0-11be-4473-9db4-ee178bdd9406,66.11.20.6W.18.28.27.5N,Punta Salinas ,"18.474306, -66.189056",66,11,20.6,W,18,28,27.5,N,Puerto Rico,"",Toa Baja,Atlantic,2023,27-June-23,2.0,Black Band,Impact,0,0,0,0,Joel Melendez-Diaz,"Carolina Aragonés-Fred, Fernando Rodriguez - Negron, Liz A Collazo - Pagán","",""
e31a559e-44d4-47d9-a7dc-5514028686df,6a45cba0-11be-4473-9db4-ee178bdd9406,66.11.20.6W.18.28.27.5N,Punta Salinas ,"18.474306, -66.189056",66,11,20.6,W,18,28,27.5,N,Puerto Rico,"",Toa Baja,Atlantic,2023,27-June-23,2.0,White Band,Impact,0,0,0,0,Joel Melendez-Diaz,"Carolina Aragonés-Fred, Fernando Rodriguez - Negron, Liz A Collazo - Pagán","",""
e31a559e-44d4-47d9-a7dc-5514028686df,6a45cba0-11be-4473-9db4-ee178bdd9406,66.11.20.6W.18.28.27.5N,Punta Salinas ,"18.474306, -66.189056",66,11,20.6,W,18,28,27.5,N,Puerto Rico,"",Toa Baja,Atlantic,2023,27-June-23,2.0,White Plague,Impact,0,0,0,0,Joel Melendez-Diaz,"Carolina Aragonés-Fred, Fernando Rodriguez - Negron, Liz A Collazo - Pagán","",""
e31a559e-44d4-47d9-a7dc-5514028686df,6a45cba0-11be-4473-9db4-ee178bdd9406,66.11.20.6W.18.28.27.5N,Punta Salinas ,"18.474306, -66.189056",66,11,20.6,W,18,28,27.5,N,Puerto Rico,"",Toa Baja,Atlantic,2023,27-June-23,2.0,Aspergillosis,Impact,0,0,0,0,Joel Melendez-Diaz,"Carolina Aragonés-Fred, Fernando Rodriguez - Negron, Liz A Collazo - Pagán","",""
e31a559e-44d4-47d9-a7dc-5514028686df,6a45cba0-11be-4473-9db4-ee178bdd9406,66.11.20.6W.18.28.27.5N,Punta Salinas ,"18.474306, -66.189056",66,11,20.6,W,18,28,27.5,N,Puerto Rico,"",Toa Baja,Atlantic,2023,27-June-23,2.0,Sharks,Rare Animal,0,0,0,0,Joel Melendez-Diaz,"Carolina Aragonés-Fred, Fernando Rodriguez - Negron, Liz A Collazo - Pagán","",""
e31a559e-44d4-47d9-a7dc-5514028686df,6a45cba0-11be-4473-9db4-ee178bdd9406,66.11.20.6W.18.28.27.5N,Punta Salinas ,"18.474306, -66.189056",66,11,20.6,W,18,28,27.5,N,Puerto Rico,"",Toa Baja,Atlantic,2023,27-June-23,2.0,Turtles,Rare Animal,0,0,0,0,Joel Melendez-Diaz,"Carolina Aragonés-Fred, Fernando Rodriguez - Negron, Liz A Collazo - Pagán","",""
e31a559e-44d4-47d9-a7dc-5514028686df,6a45cba0-11be-4473-9db4-ee178bdd9406,66.11.20.6W.18.28.27.5N,Punta Salinas ,"18.474306, -66.189056",66,11,20.6,W,18,28,27.5,N,Puerto Rico,"",Toa Baja,Atlantic,2023,27-June-23,2.0,Mantas,Rare Animal,0,0,0,0,Joel Melendez-Diaz,"Carolina Aragonés-Fred, Fernando Rodriguez - Negron, Liz A Collazo - Pagán","",""
e31a559e-44d4-47d9-a7dc-5514028686df,6a45cba0-11be-4473-9db4-ee178bdd9406,66.11.20.6W.18.28.27.5N,Punta Salinas ,"18.474306, -66.189056",66,11,20.6,W,18,28,27.5,N,Puerto Rico,"",Toa Baja,Atlantic,2023,27-June-23,2.0,Lionfish,Rare Animal,0,0,0,0,Joel Melendez-Diaz,"Carolina Aragonés-Fred, Fernando Rodriguez - Negron, Liz A Collazo - Pagán","",""
b646257c-deeb-4bc3-b33e-e399d92431da,8819b4a2-dfd3-43fd-b1bb-ae988c00e968,66.40.14.0W.18.49.31.0N,Balneario Puerto Nuevo,"18.825278, -66.670556",66,40,14.0,W,18,49,31.0,N,Puerto Rico,Vega Baja,Vega Baja,Atlantic,2022,05-July-22,1.0,Butterflyfish,Fish,4,2,2,0,"Melissa M. Figueroa Santos, Yanelle Silva","Kiara M Matías-Rojas, Melissa M. Figueroa Santos","",""
b646257c-deeb-4bc3-b33e-e399d92431da,8819b4a2-dfd3-43fd-b1bb-ae988c00e968,66.40.14.0W.18.49.31.0N,Balneario Puerto Nuevo,"18.825278, -66.670556",66,40,14.0,W,18,49,31.0,N,Puerto Rico,Vega Baja,Vega Baja,Atlantic,2022,05-July-22,1.0,Haemulidae,Fish,2,3,5,8,"Melissa M. Figueroa Santos, Yanelle Silva","Kiara M Matías-Rojas, Melissa M. Figueroa Santos","",""
b646257c-deeb-4bc3-b33e-e399d92431da,8819b4a2-dfd3-43fd-b1bb-ae988c00e968,66.40.14.0W.18.49.31.0N,Balneario Puerto Nuevo,"18.825278, -66.670556",66,40,14.0,W,18,49,31.0,N,Puerto Rico,Vega Baja,Vega Baja,Atlantic,2022,05-July-22,1.0,Snapper,Fish,1,2,6,4,"Melissa M. Figueroa Santos, Yanelle Silva","Kiara M Matías-Rojas, Melissa M. Figueroa Santos","",""
b646257c-deeb-4bc3-b33e-e399d92431da,8819b4a2-dfd3-43fd-b1bb-ae988c00e968,66.40.14.0W.18.49.31.0N,Balneario Puerto Nuevo,"18.825278, -66.670556",66,40,14.0,W,18,49,31.0,N,Puerto Rico,Vega Baja,Vega Baja,Atlantic,2022,05-July-22,1.0,Parrotfish,Fish,0,0,0,0,"Melissa M. Figueroa Santos, Yanelle Silva","Kiara M Matías-Rojas, Melissa M. Figueroa Santos","",""
b646257c-deeb-4bc3-b33e-e399d92431da,8819b4a2-dfd3-43fd-b1bb-ae988c00e968,66.40.14.0W.18.49.31.0N,Balneario Puerto Nuevo,"18.825278, -66.670556",66,40,14.0,W,18,49,31.0,N,Puerto Rico,Vega Baja,Vega Baja,Atlantic,2022,05-July-22,1.0,Moray Eel,Fish,0,0,0,0,"Melissa M. Figueroa Santos, Yanelle Silva","Kiara M Matías-Rojas, Melissa M. Figueroa Santos","",""
b646257c-deeb-4bc3-b33e-e399d92431da,8819b4a2-dfd3-43fd-b1bb-ae988c00e968,66.40.14.0W.18.49.31.0N,Balneario Puerto Nuevo,"18.825278, -66.670556",66,40,14.0,W,18,49,31.0,N,Puerto Rico,Vega Baja,Vega Baja,Atlantic,2022,05-July-22,1.0,Nassau Grouper 30-40 cm,Fish,0,0,0,0,"Melissa M. Figueroa Santos, Yanelle Silva","Kiara M Matías-Rojas, Melissa M. Figueroa Santos","",""
b646257c-deeb-4bc3-b33e-e399d92431da,8819b4a2-dfd3-43fd-b1bb-ae988c00e968,66.40.14.0W.18.49.31.0N,Balneario Puerto Nuevo,"18.825278, -66.670556",66,40,14.0,W,18,49,31.0,N,Puerto Rico,Vega Baja,Vega Baja,Atlantic,2022,05-July-22,1.0,Nassau Grouper 40-50 cm,Fish,0,0,0,0,"Melissa M. Figueroa Santos, Yanelle Silva","Kiara M Matías-Rojas, Melissa M. Figueroa Santos","",""
b646257c-deeb-4bc3-b33e-e399d92431da,8819b4a2-dfd3-43fd-b1bb-ae988c00e968,66.40.14.0W.18.49.31.0N,Balneario Puerto Nuevo,"18.825278, -66.670556",66,40,14.0,W,18,49,31.0,N,Puerto Rico,Vega Baja,Vega Baja,Atlantic,2022,05-July-22,1.0,Nassau Grouper 50-60 cm,Fish,0,0,0,0,"Melissa M. Figueroa Santos, Yanelle Silva","Kiara M Matías-Rojas, Melissa M. Figueroa Santos","",""
b646257c-deeb-4bc3-b33e-e399d92431da,8819b4a2-dfd3-43fd-b1bb-ae988c00e968,66.40.14.0W.18.49.31.0N,Balneario Puerto Nuevo,"18.825278, -66.670556",66,40,14.0,W,18,49,31.0,N,Puerto Rico,Vega Baja,Vega Baja,Atlantic,2022,05-July-22,1.0,Nassau Grouper > 60 cm,Fish,0,0,0,0,"Melissa M. Figueroa Santos, Yanelle Silva","Kiara M Matías-Rojas, Melissa M. Figueroa Santos","",""
b646257c-deeb-4bc3-b33e-e399d92431da,8819b4a2-dfd3-43fd-b1bb-ae988c00e968,66.40.14.0W.18.49.31.0N,Balneario Puerto Nuevo,"18.825278, -66.670556",66,40,14.0,W,18,49,31.0,N,Puerto Rico,Vega Baja,Vega Baja,Atlantic,2022,05-July-22,1.0,Nassau Grouper Total,Fish,0,0,0,0,"Melissa M. Figueroa Santos, Yanelle Silva","Kiara M Matías-Rojas, Melissa M. Figueroa Santos","",""
b646257c-deeb-4bc3-b33e-e399d92431da,8819b4a2-dfd3-43fd-b1bb-ae988c00e968,66.40.14.0W.18.49.31.0N,Balneario Puerto Nuevo,"18.825278, -66.670556",66,40,14.0,W,18,49,31.0,N,Puerto Rico,Vega Baja,Vega Baja,Atlantic,2022,05-July-22,1.0,Grouper 30-40 cm,Fish,0,0,0,0,"Melissa M. Figueroa Santos, Yanelle Silva","Kiara M Matías-Rojas, Melissa M. Figueroa Santos","",""
b646257c-deeb-4bc3-b33e-e399d92431da,8819b4a2-dfd3-43fd-b1bb-ae988c00e968,66.40.14.0W.18.49.31.0N,Balneario Puerto Nuevo,"18.825278, -66.670556",66,40,14.0,W,18,49,31.0,N,Puerto Rico,Vega Baja,Vega Baja,Atlantic,2022,05-July-22,1.0,Grouper 40-50 cm,Fish,0,0,0,0,"Melissa M. Figueroa Santos, Yanelle Silva","Kiara M Matías-Rojas, Melissa M. Figueroa Santos","",""
b646257c-deeb-4bc3-b33e-e399d92431da,8819b4a2-dfd3-43fd-b1bb-ae988c00e968,66.40.14.0W.18.49.31.0N,Balneario Puerto Nuevo,"18.825278, -66.670556",66,40,14.0,W,18,49,31.0,N,Puerto Rico,Vega Baja,Vega Baja,Atlantic,2022,05-July-22,1.0,Grouper 50-60 cm,Fish,0,0,0,0,"Melissa M. Figueroa Santos, Yanelle Silva","Kiara M Matías-Rojas, Melissa M. Figueroa Santos","",""
b646257c-deeb-4bc3-b33e-e399d92431da,8819b4a2-dfd3-43fd-b1bb-ae988c00e968,66.40.14.0W.18.49.31.0N,Balneario Puerto Nuevo,"18.825278, -66.670556",66,40,14.0,W,18,49,31.0,N,Puerto Rico,Vega Baja,Vega Baja,Atlantic,2022,05-July-22,1.0,Grouper > 60 cm,Fish,0,0,0,0,"Melissa M. Figueroa Santos, Yanelle Silva","Kiara M Matías-Rojas, Melissa M. Figueroa Santos","",""
b646257c-deeb-4bc3-b33e-e399d92431da,8819b4a2-dfd3-43fd-b1bb-ae988c00e968,66.40.14.0W.18.49.31.0N,Balneario Puerto Nuevo,"18.825278, -66.670556",66,40,14.0,W,18,49,31.0,N,Puerto Rico,Vega Baja,Vega Baja,Atlantic,2022,05-July-22,1.0,Grouper Total,Fish,0,0,0,0,"Melissa M. Figueroa Santos, Yanelle Silva","Kiara M Matías-Rojas, Melissa M. Figueroa Santos","",""
b646257c-deeb-4bc3-b33e-e399d92431da,8819b4a2-dfd3-43fd-b1bb-ae988c00e968,66.40.14.0W.18.49.31.0N,Balneario Puerto Nuevo,"18.825278, -66.670556",66,40,14.0,W,18,49,31.0,N,Puerto Rico,Vega Baja,Vega Baja,Atlantic,2022,05-July-22,1.0,Banded Coral Shrimp,Invertebrate,0,0,0,0,"Melissa M. Figueroa Santos, Yanelle Silva","Kiara M Matías-Rojas, Melissa M. Figueroa Santos","",""
b646257c-deeb-4bc3-b33e-e399d92431da,8819b4a2-dfd3-43fd-b1bb-ae988c00e968,66.40.14.0W.18.49.31.0N,Balneario Puerto Nuevo,"18.825278, -66.670556",66,40,14.0,W,18,49,31.0,N,Puerto Rico,Vega Baja,Vega Baja,Atlantic,2022,05-July-22,1.0,Diadema,Invertebrate,7,13,17,3,"Melissa M. Figueroa Santos, Yanelle Silva","Kiara M Matías-Rojas, Melissa M. Figueroa Santos","",""
b646257c-deeb-4bc3-b33e-e399d92431da,8819b4a2-dfd3-43fd-b1bb-ae988c00e968,66.40.14.0W.18.49.31.0N,Balneario Puerto Nuevo,"18.825278, -66.670556",66,40,14.0,W,18,49,31.0,N,Puerto Rico,Vega Baja,Vega Baja,Atlantic,2022,05-July-22,1.0,Pencil Urchin,Invertebrate,0,0,2,1,"Melissa M. Figueroa Santos, Yanelle Silva","Kiara M Matías-Rojas, Melissa M. Figueroa Santos","",""
b646257c-deeb-4bc3-b33e-e399d92431da,8819b4a2-dfd3-43fd-b1bb-ae988c00e968,66.40.14.0W.18.49.31.0N,Balneario Puerto Nuevo,"18.825278, -66.670556",66,40,14.0,W,18,49,31.0,N,Puerto Rico,Vega Baja,Vega Baja,Atlantic,2022,05-July-22,1.0,Tripneustes,Invertebrate,0,0,0,1,"Melissa M. Figueroa Santos, Yanelle Silva","Kiara M Matías-Rojas, Melissa M. Figueroa Santos","",""
b646257c-deeb-4bc3-b33e-e399d92431da,8819b4a2-dfd3-43fd-b1bb-ae988c00e968,66.40.14.0W.18.49.31.0N,Balneario Puerto Nuevo,"18.825278, -66.670556",66,40,14.0,W,18,49,31.0,N,Puerto Rico,Vega Baja,Vega Baja,Atlantic,2022,05-July-22,1.0,Triton,Invertebrate,0,0,0,0,"Melissa M. Figueroa Santos, Yanelle Silva","Kiara M Matías-Rojas, Melissa M. Figueroa Santos","",""
b646257c-deeb-4bc3-b33e-e399d92431da,8819b4a2-dfd3-43fd-b1bb-ae988c00e968,66.40.14.0W.18.49.31.0N,Balneario Puerto Nuevo,"18.825278, -66.670556",66,40,14.0,W,18,49,31.0,N,Puerto Rico,Vega Baja,Vega Baja,Atlantic,2022,05-July-22,1.0,Flamingo Tongue,Invertebrate,0,0,0,0,"Melissa M. Figueroa Santos, Yanelle Silva","Kiara M Matías-Rojas, Melissa M. Figueroa Santos","",""
b646257c-deeb-4bc3-b33e-e399d92431da,8819b4a2-dfd3-43fd-b1bb-ae988c00e968,66.40.14.0W.18.49.31.0N,Balneario Puerto Nuevo,"18.825278, -66.670556",66,40,14.0,W,18,49,31.0,N,Puerto Rico,Vega Baja,Vega Baja,Atlantic,2022,05-July-22,1.0,Gorgonian,Invertebrate,0,0,0,0,"Melissa M. Figueroa Santos, Yanelle Silva","Kiara M Matías-Rojas, Melissa M. Figueroa Santos","",""
b646257c-deeb-4bc3-b33e-e399d92431da,8819b4a2-dfd3-43fd-b1bb-ae988c00e968,66.40.14.0W.18.49.31.0N,Balneario Puerto Nuevo,"18.825278, -66.670556",66,40,14.0,W,18,49,31.0,N,Puerto Rico,Vega Baja,Vega Baja,Atlantic,2022,05-July-22,1.0,Lobster,Invertebrate,0,0,0,0,"Melissa M. Figueroa Santos, Yanelle Silva","Kiara M Matías-Rojas, Melissa M. Figueroa Santos","",""
b646257c-deeb-4bc3-b33e-e399d92431da,8819b4a2-dfd3-43fd-b1bb-ae988c00e968,66.40.14.0W.18.49.31.0N,Balneario Puerto Nuevo,"18.825278, -66.670556",66,40,14.0,W,18,49,31.0,N,Puerto Rico,Vega Baja,Vega Baja,Atlantic,2022,05-July-22,1.0,Coral Damage Anchor,Impact,0,0,0,0,"Melissa M. Figueroa Santos, Yanelle Silva","Kiara M Matías-Rojas, Melissa M. Figueroa Santos","",""
b646257c-deeb-4bc3-b33e-e399d92431da,8819b4a2-dfd3-43fd-b1bb-ae988c00e968,66.40.14.0W.18.49.31.0N,Balneario Puerto Nuevo,"18.825278, -66.670556",66,40,14.0,W,18,49,31.0,N,Puerto Rico,Vega Baja,Vega Baja,Atlantic,2022,05-July-22,1.0,Coral Damage Dynamite,Impact,0,0,0,0,"Melissa M. Figueroa Santos, Yanelle Silva","Kiara M Matías-Rojas, Melissa M. Figueroa Santos","",""
b646257c-deeb-4bc3-b33e-e399d92431da,8819b4a2-dfd3-43fd-b1bb-ae988c00e968,66.40.14.0W.18.49.31.0N,Balneario Puerto Nuevo,"18.825278, -66.670556",66,40,14.0,W,18,49,31.0,N,Puerto Rico,Vega Baja,Vega Baja,Atlantic,2022,05-July-22,1.0,Coral Damage Other,Impact,0,0,0,0,"Melissa M. Figueroa Santos, Yanelle Silva","Kiara M Matías-Rojas, Melissa M. Figueroa Santos","",""
b646257c-deeb-4bc3-b33e-e399d92431da,8819b4a2-dfd3-43fd-b1bb-ae988c00e968,66.40.14.0W.18.49.31.0N,Balneario Puerto Nuevo,"18.825278, -66.670556",66,40,14.0,W,18,49,31.0,N,Puerto Rico,Vega Baja,Vega Baja,Atlantic,2022,05-July-22,1.0,Trash Fish Nets,Impact,0,0,0,0,"Melissa M. Figueroa Santos, Yanelle Silva","Kiara M Matías-Rojas, Melissa M. Figueroa Santos","",""
b646257c-deeb-4bc3-b33e-e399d92431da,8819b4a2-dfd3-43fd-b1bb-ae988c00e968,66.40.14.0W.18.49.31.0N,Balneario Puerto Nuevo,"18.825278, -66.670556",66,40,14.0,W,18,49,31.0,N,Puerto Rico,Vega Baja,Vega Baja,Atlantic,2022,05-July-22,1.0,Trash General,Impact,1,1,1,1,"Melissa M. Figueroa Santos, Yanelle Silva","Kiara M Matías-Rojas, Melissa M. Figueroa Santos","",""
b646257c-deeb-4bc3-b33e-e399d92431da,8819b4a2-dfd3-43fd-b1bb-ae988c00e968,66.40.14.0W.18.49.31.0N,Balneario Puerto Nuevo,"18.825278, -66.670556",66,40,14.0,W,18,49,31.0,N,Puerto Rico,Vega Baja,Vega Baja,Atlantic,2022,05-July-22,1.0,Bleaching (% Of Population),Impact,10,0,5,5,"Melissa M. Figueroa Santos, Yanelle Silva","Kiara M Matías-Rojas, Melissa M. Figueroa Santos","",""
b646257c-deeb-4bc3-b33e-e399d92431da,8819b4a2-dfd3-43fd-b1bb-ae988c00e968,66.40.14.0W.18.49.31.0N,Balneario Puerto Nuevo,"18.825278, -66.670556",66,40,14.0,W,18,49,31.0,N,Puerto Rico,Vega Baja,Vega Baja,Atlantic,2022,05-July-22,1.0,Bleaching (% Of Colony),Impact,40,0,30,25,"Melissa M. Figueroa Santos, Yanelle Silva","Kiara M Matías-Rojas, Melissa M. Figueroa Santos","",""
b646257c-deeb-4bc3-b33e-e399d92431da,8819b4a2-dfd3-43fd-b1bb-ae988c00e968,66.40.14.0W.18.49.31.0N,Balneario Puerto Nuevo,"18.825278, -66.670556",66,40,14.0,W,18,49,31.0,N,Puerto Rico,Vega Baja,Vega Baja,Atlantic,2022,05-July-22,1.0,Black Band,Impact,0,0,0,0,"Melissa M. Figueroa Santos, Yanelle Silva","Kiara M Matías-Rojas, Melissa M. Figueroa Santos","",""
b646257c-deeb-4bc3-b33e-e399d92431da,8819b4a2-dfd3-43fd-b1bb-ae988c00e968,66.40.14.0W.18.49.31.0N,Balneario Puerto Nuevo,"18.825278, -66.670556",66,40,14.0,W,18,49,31.0,N,Puerto Rico,Vega Baja,Vega Baja,Atlantic,2022,05-July-22,1.0,White Band,Impact,0,0,0,0,"Melissa M. Figueroa Santos, Yanelle Silva","Kiara M Matías-Rojas, Melissa M. Figueroa Santos","",""
b646257c-deeb-4bc3-b33e-e399d92431da,8819b4a2-dfd3-43fd-b1bb-ae988c00e968,66.40.14.0W.18.49.31.0N,Balneario Puerto Nuevo,"18.825278, -66.670556",66,40,14.0,W,18,49,31.0,N,Puerto Rico,Vega Baja,Vega Baja,Atlantic,2022,05-July-22,1.0,White Plague,Impact,0,0,0,0,"Melissa M. Figueroa Santos, Yanelle Silva","Kiara M Matías-Rojas, Melissa M. Figueroa Santos","",""
b646257c-deeb-4bc3-b33e-e399d92431da,8819b4a2-dfd3-43fd-b1bb-ae988c00e968,66.40.14.0W.18.49.31.0N,Balneario Puerto Nuevo,"18.825278, -66.670556",66,40,14.0,W,18,49,31.0,N,Puerto Rico,Vega Baja,Vega Baja,Atlantic,2022,05-July-22,1.0,Aspergillosis,Impact,0,0,0,0,"Melissa M. Figueroa Santos, Yanelle Silva","Kiara M Matías-Rojas, Melissa M. Figueroa Santos","",""
b646257c-deeb-4bc3-b33e-e399d92431da,8819b4a2-dfd3-43fd-b1bb-ae988c00e968,66.40.14.0W.18.49.31.0N,Balneario Puerto Nuevo,"18.825278, -66.670556",66,40,14.0,W,18,49,31.0,N,Puerto Rico,Vega Baja,Vega Baja,Atlantic,2022,05-July-22,1.0,Sharks,Rare Animal,0,0,0,0,"Melissa M. Figueroa Santos, Yanelle Silva","Kiara M Matías-Rojas, Melissa M. Figueroa Santos","",""
b646257c-deeb-4bc3-b33e-e399d92431da,8819b4a2-dfd3-43fd-b1bb-ae988c00e968,66.40.14.0W.18.49.31.0N,Balneario Puerto Nuevo,"18.825278, -66.670556",66,40,14.0,W,18,49,31.0,N,Puerto Rico,Vega Baja,Vega Baja,Atlantic,2022,05-July-22,1.0,Turtles,Rare Animal,0,0,0,0,"Melissa M. Figueroa Santos, Yanelle Silva","Kiara M Matías-Rojas, Melissa M. Figueroa Santos","",""
b646257c-deeb-4bc3-b33e-e399d92431da,8819b4a2-dfd3-43fd-b1bb-ae988c00e968,66.40.14.0W.18.49.31.0N,Balneario Puerto Nuevo,"18.825278, -66.670556",66,40,14.0,W,18,49,31.0,N,Puerto Rico,Vega Baja,Vega Baja,Atlantic,2022,05-July-22,1.0,Mantas,Rare Animal,0,0,0,0,"Melissa M. Figueroa Santos, Yanelle Silva","Kiara M Matías-Rojas, Melissa M. Figueroa Santos","",""
b646257c-deeb-4bc3-b33e-e399d92431da,8819b4a2-dfd3-43fd-b1bb-ae988c00e968,66.40.14.0W.18.49.31.0N,Balneario Puerto Nuevo,"18.825278, -66.670556",66,40,14.0,W,18,49,31.0,N,Puerto Rico,Vega Baja,Vega Baja,Atlantic,2022,05-July-22,1.0,Lionfish,Rare Animal,0,0,0,0,"Melissa M. Figueroa Santos, Yanelle Silva","Kiara M Matías-Rojas, Melissa M. Figueroa Santos","",""
ec2df864-4e43-4319-844c-e913f0bb8aee,c1be13c5-4809-4349-a5ea-0dc7a0a5ec29,65.43.43.9W.18.23.22.9N,La Monserrate,"18.389694, -65.728861",65,43,43.9,W,18,23,22.9,N,Puerto Rico,"",Luquillo,Atlantic,2023,26-June-23,6.7,Butterflyfish,Fish,11,0,0,0,Joel Melendez-Diaz,"Hatuey M Connelly-Molina, Jose Falero-Cordero","",""
ec2df864-4e43-4319-844c-e913f0bb8aee,c1be13c5-4809-4349-a5ea-0dc7a0a5ec29,65.43.43.9W.18.23.22.9N,La Monserrate,"18.389694, -65.728861",65,43,43.9,W,18,23,22.9,N,Puerto Rico,"",Luquillo,Atlantic,2023,26-June-23,6.7,Haemulidae,Fish,80,0,0,0,Joel Melendez-Diaz,"Hatuey M Connelly-Molina, Jose Falero-Cordero","",""
ec2df864-4e43-4319-844c-e913f0bb8aee,c1be13c5-4809-4349-a5ea-0dc7a0a5ec29,65.43.43.9W.18.23.22.9N,La Monserrate,"18.389694, -65.728861",65,43,43.9,W,18,23,22.9,N,Puerto Rico,"",Luquillo,Atlantic,2023,26-June-23,6.7,Snapper,Fish,30,0,0,0,Joel Melendez-Diaz,"Hatuey M Connelly-Molina, Jose Falero-Cordero","",""
ec2df864-4e43-4319-844c-e913f0bb8aee,c1be13c5-4809-4349-a5ea-0dc7a0a5ec29,65.43.43.9W.18.23.22.9N,La Monserrate,"18.389694, -65.728861",65,43,43.9,W,18,23,22.9,N,Puerto Rico,"",Luquillo,Atlantic,2023,26-June-23,6.7,Parrotfish,Fish,10,0,0,0,Joel Melendez-Diaz,"Hatuey M Connelly-Molina, Jose Falero-Cordero","",""
ec2df864-4e43-4319-844c-e913f0bb8aee,c1be13c5-4809-4349-a5ea-0dc7a0a5ec29,65.43.43.9W.18.23.22.9N,La Monserrate,"18.389694, -65.728861",65,43,43.9,W,18,23,22.9,N,Puerto Rico,"",Luquillo,Atlantic,2023,26-June-23,6.7,Moray Eel,Fish,0,0,0,0,Joel Melendez-Diaz,"Hatuey M Connelly-Molina, Jose Falero-Cordero","",""
ec2df864-4e43-4319-844c-e913f0bb8aee,c1be13c5-4809-4349-a5ea-0dc7a0a5ec29,65.43.43.9W.18.23.22.9N,La Monserrate,"18.389694, -65.728861",65,43,43.9,W,18,23,22.9,N,Puerto Rico,"",Luquillo,Atlantic,2023,26-June-23,6.7,Nassau Grouper 30-40 cm,Fish,0,0,0,0,Joel Melendez-Diaz,"Hatuey M Connelly-Molina, Jose Falero-Cordero","",""
ec2df864-4e43-4319-844c-e913f0bb8aee,c1be13c5-4809-4349-a5ea-0dc7a0a5ec29,65.43.43.9W.18.23.22.9N,La Monserrate,"18.389694, -65.728861",65,43,43.9,W,18,23,22.9,N,Puerto Rico,"",Luquillo,Atlantic,2023,26-June-23,6.7,Nassau Grouper 40-50 cm,Fish,0,0,0,0,Joel Melendez-Diaz,"Hatuey M Connelly-Molina, Jose Falero-Cordero","",""
ec2df864-4e43-4319-844c-e913f0bb8aee,c1be13c5-4809-4349-a5ea-0dc7a0a5ec29,65.43.43.9W.18.23.22.9N,La Monserrate,"18.389694, -65.728861",65,43,43.9,W,18,23,22.9,N,Puerto Rico,"",Luquillo,Atlantic,2023,26-June-23,6.7,Nassau Grouper 50-60 cm,Fish,0,0,0,0,Joel Melendez-Diaz,"Hatuey M Connelly-Molina, Jose Falero-Cordero","",""
ec2df864-4e43-4319-844c-e913f0bb8aee,c1be13c5-4809-4349-a5ea-0dc7a0a5ec29,65.43.43.9W.18.23.22.9N,La Monserrate,"18.389694, -65.728861",65,43,43.9,W,18,23,22.9,N,Puerto Rico,"",Luquillo,Atlantic,2023,26-June-23,6.7,Nassau Grouper > 60 cm,Fish,0,0,0,0,Joel Melendez-Diaz,"Hatuey M Connelly-Molina, Jose Falero-Cordero","",""
ec2df864-4e43-4319-844c-e913f0bb8aee,c1be13c5-4809-4349-a5ea-0dc7a0a5ec29,65.43.43.9W.18.23.22.9N,La Monserrate,"18.389694, -65.728861",65,43,43.9,W,18,23,22.9,N,Puerto Rico,"",Luquillo,Atlantic,2023,26-June-23,6.7,Nassau Grouper Total,Fish,0,0,0,0,Joel Melendez-Diaz,"Hatuey M Connelly-Molina, Jose Falero-Cordero","",""
ec2df864-4e43-4319-844c-e913f0bb8aee,c1be13c5-4809-4349-a5ea-0dc7a0a5ec29,65.43.43.9W.18.23.22.9N,La Monserrate,"18.389694, -65.728861",65,43,43.9,W,18,23,22.9,N,Puerto Rico,"",Luquillo,Atlantic,2023,26-June-23,6.7,Grouper 30-40 cm,Fish,10,0,0,0,Joel Melendez-Diaz,"Hatuey M Connelly-Molina, Jose Falero-Cordero","",""
ec2df864-4e43-4319-844c-e913f0bb8aee,c1be13c5-4809-4349-a5ea-0dc7a0a5ec29,65.43.43.9W.18.23.22.9N,La Monserrate,"18.389694, -65.728861",65,43,43.9,W,18,23,22.9,N,Puerto Rico,"",Luquillo,Atlantic,2023,26-June-23,6.7,Grouper 40-50 cm,Fish,0,0,0,0,Joel Melendez-Diaz,"Hatuey M Connelly-Molina, Jose Falero-Cordero","",""
ec2df864-4e43-4319-844c-e913f0bb8aee,c1be13c5-4809-4349-a5ea-0dc7a0a5ec29,65.43.43.9W.18.23.22.9N,La Monserrate,"18.389694, -65.728861",65,43,43.9,W,18,23,22.9,N,Puerto Rico,"",Luquillo,Atlantic,2023,26-June-23,6.7,Grouper 50-60 cm,Fish,0,0,0,0,Joel Melendez-Diaz,"Hatuey M Connelly-Molina, Jose Falero-Cordero","",""
ec2df864-4e43-4319-844c-e913f0bb8aee,c1be13c5-4809-4349-a5ea-0dc7a0a5ec29,65.43.43.9W.18.23.22.9N,La Monserrate,"18.389694, -65.728861",65,43,43.9,W,18,23,22.9,N,Puerto Rico,"",Luquillo,Atlantic,2023,26-June-23,6.7,Grouper > 60 cm,Fish,0,0,0,0,Joel Melendez-Diaz,"Hatuey M Connelly-Molina, Jose Falero-Cordero","",""
ec2df864-4e43-4319-844c-e913f0bb8aee,c1be13c5-4809-4349-a5ea-0dc7a0a5ec29,65.43.43.9W.18.23.22.9N,La Monserrate,"18.389694, -65.728861",65,43,43.9,W,18,23,22.9,N,Puerto Rico,"",Luquillo,Atlantic,2023,26-June-23,6.7,Grouper Total,Fish,10,0,0,0,Joel Melendez-Diaz,"Hatuey M Connelly-Molina, Jose Falero-Cordero","",""
ec2df864-4e43-4319-844c-e913f0bb8aee,c1be13c5-4809-4349-a5ea-0dc7a0a5ec29,65.43.43.9W.18.23.22.9N,La Monserrate,"18.389694, -65.728861",65,43,43.9,W,18,23,22.9,N,Puerto Rico,"",Luquillo,Atlantic,2023,26-June-23,6.7,Banded Coral Shrimp,Invertebrate,3,0,0,1,Joel Melendez-Diaz,"Hatuey M Connelly-Molina, Jose Falero-Cordero","",""
ec2df864-4e43-4319-844c-e913f0bb8aee,c1be13c5-4809-4349-a5ea-0dc7a0a5ec29,65.43.43.9W.18.23.22.9N,La Monserrate,"18.389694, -65.728861",65,43,43.9,W,18,23,22.9,N,Puerto Rico,"",Luquillo,Atlantic,2023,26-June-23,6.7,Diadema,Invertebrate,0,0,0,0,Joel Melendez-Diaz,"Hatuey M Connelly-Molina, Jose Falero-Cordero","",""
ec2df864-4e43-4319-844c-e913f0bb8aee,c1be13c5-4809-4349-a5ea-0dc7a0a5ec29,65.43.43.9W.18.23.22.9N,La Monserrate,"18.389694, -65.728861",65,43,43.9,W,18,23,22.9,N,Puerto Rico,"",Luquillo,Atlantic,2023,26-June-23,6.7,Pencil Urchin,Invertebrate,0,0,0,0,Joel Melendez-Diaz,"Hatuey M Connelly-Molina, Jose Falero-Cordero","",""
ec2df864-4e43-4319-844c-e913f0bb8aee,c1be13c5-4809-4349-a5ea-0dc7a0a5ec29,65.43.43.9W.18.23.22.9N,La Monserrate,"18.389694, -65.728861",65,43,43.9,W,18,23,22.9,N,Puerto Rico,"",Luquillo,Atlantic,2023,26-June-23,6.7,Tripneustes,Invertebrate,1,0,0,0,Joel Melendez-Diaz,"Hatuey M Connelly-Molina, Jose Falero-Cordero","",""
ec2df864-4e43-4319-844c-e913f0bb8aee,c1be13c5-4809-4349-a5ea-0dc7a0a5ec29,65.43.43.9W.18.23.22.9N,La Monserrate,"18.389694, -65.728861",65,43,43.9,W,18,23,22.9,N,Puerto Rico,"",Luquillo,Atlantic,2023,26-June-23,6.7,Triton,Invertebrate,0,0,0,0,Joel Melendez-Diaz,"Hatuey M Connelly-Molina, Jose Falero-Cordero","",""
ec2df864-4e43-4319-844c-e913f0bb8aee,c1be13c5-4809-4349-a5ea-0dc7a0a5ec29,65.43.43.9W.18.23.22.9N,La Monserrate,"18.389694, -65.728861",65,43,43.9,W,18,23,22.9,N,Puerto Rico,"",Luquillo,Atlantic,2023,26-June-23,6.7,Flamingo Tongue,Invertebrate,0,0,0,0,Joel Melendez-Diaz,"Hatuey M Connelly-Molina, Jose Falero-Cordero","",""
ec2df864-4e43-4319-844c-e913f0bb8aee,c1be13c5-4809-4349-a5ea-0dc7a0a5ec29,65.43.43.9W.18.23.22.9N,La Monserrate,"18.389694, -65.728861",65,43,43.9,W,18,23,22.9,N,Puerto Rico,"",Luquillo,Atlantic,2023,26-June-23,6.7,Gorgonian,Invertebrate,11,0,0,0,Joel Melendez-Diaz,"Hatuey M Connelly-Molina, Jose Falero-Cordero","",""
ec2df864-4e43-4319-844c-e913f0bb8aee,c1be13c5-4809-4349-a5ea-0dc7a0a5ec29,65.43.43.9W.18.23.22.9N,La Monserrate,"18.389694, -65.728861",65,43,43.9,W,18,23,22.9,N,Puerto Rico,"",Luquillo,Atlantic,2023,26-June-23,6.7,Lobster,Invertebrate,8,0,0,1,Joel Melendez-Diaz,"Hatuey M Connelly-Molina, Jose Falero-Cordero","",""
ec2df864-4e43-4319-844c-e913f0bb8aee,c1be13c5-4809-4349-a5ea-0dc7a0a5ec29,65.43.43.9W.18.23.22.9N,La Monserrate,"18.389694, -65.728861",65,43,43.9,W,18,23,22.9,N,Puerto Rico,"",Luquillo,Atlantic,2023,26-June-23,6.7,Coral Damage Anchor,Impact,3,2,0,0,Joel Melendez-Diaz,"Hatuey M Connelly-Molina, Jose Falero-Cordero","",""
ec2df864-4e43-4319-844c-e913f0bb8aee,c1be13c5-4809-4349-a5ea-0dc7a0a5ec29,65.43.43.9W.18.23.22.9N,La Monserrate,"18.389694, -65.728861",65,43,43.9,W,18,23,22.9,N,Puerto Rico,"",Luquillo,Atlantic,2023,26-June-23,6.7,Coral Damage Dynamite,Impact,0,0,0,0,Joel Melendez-Diaz,"Hatuey M Connelly-Molina, Jose Falero-Cordero","",""
ec2df864-4e43-4319-844c-e913f0bb8aee,c1be13c5-4809-4349-a5ea-0dc7a0a5ec29,65.43.43.9W.18.23.22.9N,La Monserrate,"18.389694, -65.728861",65,43,43.9,W,18,23,22.9,N,Puerto Rico,"",Luquillo,Atlantic,2023,26-June-23,6.7,Coral Damage Other,Impact,2,2,0,0,Joel Melendez-Diaz,"Hatuey M Connelly-Molina, Jose Falero-Cordero","",""
ec2df864-4e43-4319-844c-e913f0bb8aee,c1be13c5-4809-4349-a5ea-0dc7a0a5ec29,65.43.43.9W.18.23.22.9N,La Monserrate,"18.389694, -65.728861",65,43,43.9,W,18,23,22.9,N,Puerto Rico,"",Luquillo,Atlantic,2023,26-June-23,6.7,Trash Fish Nets,Impact,3,2,0,0,Joel Melendez-Diaz,"Hatuey M Connelly-Molina, Jose Falero-Cordero","",""
ec2df864-4e43-4319-844c-e913f0bb8aee,c1be13c5-4809-4349-a5ea-0dc7a0a5ec29,65.43.43.9W.18.23.22.9N,La Monserrate,"18.389694, -65.728861",65,43,43.9,W,18,23,22.9,N,Puerto Rico,"",Luquillo,Atlantic,2023,26-June-23,6.7,Trash General,Impact,3,2,1,0,Joel Melendez-Diaz,"Hatuey M Connelly-Molina, Jose Falero-Cordero","",""
ec2df864-4e43-4319-844c-e913f0bb8aee,c1be13c5-4809-4349-a5ea-0dc7a0a5ec29,65.43.43.9W.18.23.22.9N,La Monserrate,"18.389694, -65.728861",65,43,43.9,W,18,23,22.9,N,Puerto Rico,"",Luquillo,Atlantic,2023,26-June-23,6.7,Bleaching (% Of Population),Impact,0,0,0,0,Joel Melendez-Diaz,"Hatuey M Connelly-Molina, Jose Falero-Cordero","",""
ec2df864-4e43-4319-844c-e913f0bb8aee,c1be13c5-4809-4349-a5ea-0dc7a0a5ec29,65.43.43.9W.18.23.22.9N,La Monserrate,"18.389694, -65.728861",65,43,43.9,W,18,23,22.9,N,Puerto Rico,"",Luquillo,Atlantic,2023,26-June-23,6.7,Bleaching (% Of Colony),Impact,0,0,0,0,Joel Melendez-Diaz,"Hatuey M Connelly-Molina, Jose Falero-Cordero","",""
ec2df864-4e43-4319-844c-e913f0bb8aee,c1be13c5-4809-4349-a5ea-0dc7a0a5ec29,65.43.43.9W.18.23.22.9N,La Monserrate,"18.389694, -65.728861",65,43,43.9,W,18,23,22.9,N,Puerto Rico,"",Luquillo,Atlantic,2023,26-June-23,6.7,Black Band,Impact,0,0,0,0,Joel Melendez-Diaz,"Hatuey M Connelly-Molina, Jose Falero-Cordero","",""
ec2df864-4e43-4319-844c-e913f0bb8aee,c1be13c5-4809-4349-a5ea-0dc7a0a5ec29,65.43.43.9W.18.23.22.9N,La Monserrate,"18.389694, -65.728861",65,43,43.9,W,18,23,22.9,N,Puerto Rico,"",Luquillo,Atlantic,2023,26-June-23,6.7,White Band,Impact,0,0,0,0,Joel Melendez-Diaz,"Hatuey M Connelly-Molina, Jose Falero-Cordero","",""
ec2df864-4e43-4319-844c-e913f0bb8aee,c1be13c5-4809-4349-a5ea-0dc7a0a5ec29,65.43.43.9W.18.23.22.9N,La Monserrate,"18.389694, -65.728861",65,43,43.9,W,18,23,22.9,N,Puerto Rico,"",Luquillo,Atlantic,2023,26-June-23,6.7,White Plague,Impact,0,0,0,0,Joel Melendez-Diaz,"Hatuey M Connelly-Molina, Jose Falero-Cordero","",""
ec2df864-4e43-4319-844c-e913f0bb8aee,c1be13c5-4809-4349-a5ea-0dc7a0a5ec29,65.43.43.9W.18.23.22.9N,La Monserrate,"18.389694, -65.728861",65,43,43.9,W,18,23,22.9,N,Puerto Rico,"",Luquillo,Atlantic,2023,26-June-23,6.7,Aspergillosis,Impact,0,0,0,0,Joel Melendez-Diaz,"Hatuey M Connelly-Molina, Jose Falero-Cordero","",""
ec2df864-4e43-4319-844c-e913f0bb8aee,c1be13c5-4809-4349-a5ea-0dc7a0a5ec29,65.43.43.9W.18.23.22.9N,La Monserrate,"18.389694, -65.728861",65,43,43.9,W,18,23,22.9,N,Puerto Rico,"",Luquillo,Atlantic,2023,26-June-23,6.7,Sharks,Rare Animal,0,0,0,0,Joel Melendez-Diaz,"Hatuey M Connelly-Molina, Jose Falero-Cordero","",""
ec2df864-4e43-4319-844c-e913f0bb8aee,c1be13c5-4809-4349-a5ea-0dc7a0a5ec29,65.43.43.9W.18.23.22.9N,La Monserrate,"18.389694, -65.728861",65,43,43.9,W,18,23,22.9,N,Puerto Rico,"",Luquillo,Atlantic,2023,26-June-23,6.7,Turtles,Rare Animal,1,0,0,0,Joel Melendez-Diaz,"Hatuey M Connelly-Molina, Jose Falero-Cordero","",""
ec2df864-4e43-4319-844c-e913f0bb8aee,c1be13c5-4809-4349-a5ea-0dc7a0a5ec29,65.43.43.9W.18.23.22.9N,La Monserrate,"18.389694, -65.728861",65,43,43.9,W,18,23,22.9,N,Puerto Rico,"",Luquillo,Atlantic,2023,26-June-23,6.7,Mantas,Rare Animal,1,0,0,0,Joel Melendez-Diaz,"Hatuey M Connelly-Molina, Jose Falero-Cordero","",""
ec2df864-4e43-4319-844c-e913f0bb8aee,c1be13c5-4809-4349-a5ea-0dc7a0a5ec29,65.43.43.9W.18.23.22.9N,La Monserrate,"18.389694, -65.728861",65,43,43.9,W,18,23,22.9,N,Puerto Rico,"",Luquillo,Atlantic,2023,26-June-23,6.7,Lionfish,Rare Animal,4,0,0,1,Joel Melendez-Diaz,"Hatuey M Connelly-Molina, Jose Falero-Cordero","",""
a91253d7-8b9d-4448-acdc-9a191d347816,ebdbfaf9-f60e-43cd-9077-38554100142a,65.18.49.0W.18.19.52.0N,Flamenco Beach,"18.331111, -65.313611",65,18,49.0,W,18,19,52.0,N,Puerto Rico,"",Culebra,Atlantic,2023,19-June-23,3.3,Butterflyfish,Fish,2,0,3,5,"Carolina Aragonés-Fred, Joel Melendez-Diaz","Fernando Rodriguez - Negron, Solimar Melendez-Felix","",""
a91253d7-8b9d-4448-acdc-9a191d347816,ebdbfaf9-f60e-43cd-9077-38554100142a,65.18.49.0W.18.19.52.0N,Flamenco Beach,"18.331111, -65.313611",65,18,49.0,W,18,19,52.0,N,Puerto Rico,"",Culebra,Atlantic,2023,19-June-23,3.3,Haemulidae,Fish,1,0,2,5,"Carolina Aragonés-Fred, Joel Melendez-Diaz","Fernando Rodriguez - Negron, Solimar Melendez-Felix","",""
a91253d7-8b9d-4448-acdc-9a191d347816,ebdbfaf9-f60e-43cd-9077-38554100142a,65.18.49.0W.18.19.52.0N,Flamenco Beach,"18.331111, -65.313611",65,18,49.0,W,18,19,52.0,N,Puerto Rico,"",Culebra,Atlantic,2023,19-June-23,3.3,Snapper,Fish,10,9,8,14,"Carolina Aragonés-Fred, Joel Melendez-Diaz","Fernando Rodriguez - Negron, Solimar Melendez-Felix","",""
a91253d7-8b9d-4448-acdc-9a191d347816,ebdbfaf9-f60e-43cd-9077-38554100142a,65.18.49.0W.18.19.52.0N,Flamenco Beach,"18.331111, -65.313611",65,18,49.0,W,18,19,52.0,N,Puerto Rico,"",Culebra,Atlantic,2023,19-June-23,3.3,Parrotfish,Fish,6,6,9,14,"Carolina Aragonés-Fred, Joel Melendez-Diaz","Fernando Rodriguez - Negron, Solimar Melendez-Felix","",""
a91253d7-8b9d-4448-acdc-9a191d347816,ebdbfaf9-f60e-43cd-9077-38554100142a,65.18.49.0W.18.19.52.0N,Flamenco Beach,"18.331111, -65.313611",65,18,49.0,W,18,19,52.0,N,Puerto Rico,"",Culebra,Atlantic,2023,19-June-23,3.3,Moray Eel,Fish,0,0,0,0,"Carolina Aragonés-Fred, Joel Melendez-Diaz","Fernando Rodriguez - Negron, Solimar Melendez-Felix","",""
a91253d7-8b9d-4448-acdc-9a191d347816,ebdbfaf9-f60e-43cd-9077-38554100142a,65.18.49.0W.18.19.52.0N,Flamenco Beach,"18.331111, -65.313611",65,18,49.0,W,18,19,52.0,N,Puerto Rico,"",Culebra,Atlantic,2023,19-June-23,3.3,Nassau Grouper 30-40 cm,Fish,0,0,0,0,"Carolina Aragonés-Fred, Joel Melendez-Diaz","Fernando Rodriguez - Negron, Solimar Melendez-Felix","",""
a91253d7-8b9d-4448-acdc-9a191d347816,ebdbfaf9-f60e-43cd-9077-38554100142a,65.18.49.0W.18.19.52.0N,Flamenco Beach,"18.331111, -65.313611",65,18,49.0,W,18,19,52.0,N,Puerto Rico,"",Culebra,Atlantic,2023,19-June-23,3.3,Nassau Grouper 40-50 cm,Fish,0,0,0,0,"Carolina Aragonés-Fred, Joel Melendez-Diaz","Fernando Rodriguez - Negron, Solimar Melendez-Felix","",""
a91253d7-8b9d-4448-acdc-9a191d347816,ebdbfaf9-f60e-43cd-9077-38554100142a,65.18.49.0W.18.19.52.0N,Flamenco Beach,"18.331111, -65.313611",65,18,49.0,W,18,19,52.0,N,Puerto Rico,"",Culebra,Atlantic,2023,19-June-23,3.3,Nassau Grouper 50-60 cm,Fish,0,0,0,0,"Carolina Aragonés-Fred, Joel Melendez-Diaz","Fernando Rodriguez - Negron, Solimar Melendez-Felix","",""
a91253d7-8b9d-4448-acdc-9a191d347816,ebdbfaf9-f60e-43cd-9077-38554100142a,65.18.49.0W.18.19.52.0N,Flamenco Beach,"18.331111, -65.313611",65,18,49.0,W,18,19,52.0,N,Puerto Rico,"",Culebra,Atlantic,2023,19-June-23,3.3,Nassau Grouper > 60 cm,Fish,0,0,0,0,"Carolina Aragonés-Fred, Joel Melendez-Diaz","Fernando Rodriguez - Negron, Solimar Melendez-Felix","",""
a91253d7-8b9d-4448-acdc-9a191d347816,ebdbfaf9-f60e-43cd-9077-38554100142a,65.18.49.0W.18.19.52.0N,Flamenco Beach,"18.331111, -65.313611",65,18,49.0,W,18,19,52.0,N,Puerto Rico,"",Culebra,Atlantic,2023,19-June-23,3.3,Nassau Grouper Total,Fish,0,0,0,0,"Carolina Aragonés-Fred, Joel Melendez-Diaz","Fernando Rodriguez - Negron, Solimar Melendez-Felix","",""
a91253d7-8b9d-4448-acdc-9a191d347816,ebdbfaf9-f60e-43cd-9077-38554100142a,65.18.49.0W.18.19.52.0N,Flamenco Beach,"18.331111, -65.313611",65,18,49.0,W,18,19,52.0,N,Puerto Rico,"",Culebra,Atlantic,2023,19-June-23,3.3,Grouper 30-40 cm,Fish,0,0,0,0,"Carolina Aragonés-Fred, Joel Melendez-Diaz","Fernando Rodriguez - Negron, Solimar Melendez-Felix","",""
a91253d7-8b9d-4448-acdc-9a191d347816,ebdbfaf9-f60e-43cd-9077-38554100142a,65.18.49.0W.18.19.52.0N,Flamenco Beach,"18.331111, -65.313611",65,18,49.0,W,18,19,52.0,N,Puerto Rico,"",Culebra,Atlantic,2023,19-June-23,3.3,Grouper 40-50 cm,Fish,0,0,0,0,"Carolina Aragonés-Fred, Joel Melendez-Diaz","Fernando Rodriguez - Negron, Solimar Melendez-Felix","",""
a91253d7-8b9d-4448-acdc-9a191d347816,ebdbfaf9-f60e-43cd-9077-38554100142a,65.18.49.0W.18.19.52.0N,Flamenco Beach,"18.331111, -65.313611",65,18,49.0,W,18,19,52.0,N,Puerto Rico,"",Culebra,Atlantic,2023,19-June-23,3.3,Grouper 50-60 cm,Fish,0,0,0,0,"Carolina Aragonés-Fred, Joel Melendez-Diaz","Fernando Rodriguez - Negron, Solimar Melendez-Felix","",""
a91253d7-8b9d-4448-acdc-9a191d347816,ebdbfaf9-f60e-43cd-9077-38554100142a,65.18.49.0W.18.19.52.0N,Flamenco Beach,"18.331111, -65.313611",65,18,49.0,W,18,19,52.0,N,Puerto Rico,"",Culebra,Atlantic,2023,19-June-23,3.3,Grouper > 60 cm,Fish,0,0,0,0,"Carolina Aragonés-Fred, Joel Melendez-Diaz","Fernando Rodriguez - Negron, Solimar Melendez-Felix","",""
a91253d7-8b9d-4448-acdc-9a191d347816,ebdbfaf9-f60e-43cd-9077-38554100142a,65.18.49.0W.18.19.52.0N,Flamenco Beach,"18.331111, -65.313611",65,18,49.0,W,18,19,52.0,N,Puerto Rico,"",Culebra,Atlantic,2023,19-June-23,3.3,Grouper Total,Fish,0,0,0,0,"Carolina Aragonés-Fred, Joel Melendez-Diaz","Fernando Rodriguez - Negron, Solimar Melendez-Felix","",""
a91253d7-8b9d-4448-acdc-9a191d347816,ebdbfaf9-f60e-43cd-9077-38554100142a,65.18.49.0W.18.19.52.0N,Flamenco Beach,"18.331111, -65.313611",65,18,49.0,W,18,19,52.0,N,Puerto Rico,"",Culebra,Atlantic,2023,19-June-23,3.3,Banded Coral Shrimp,Invertebrate,0,2,0,1,"Carolina Aragonés-Fred, Joel Melendez-Diaz","Fernando Rodriguez - Negron, Solimar Melendez-Felix","",""
a91253d7-8b9d-4448-acdc-9a191d347816,ebdbfaf9-f60e-43cd-9077-38554100142a,65.18.49.0W.18.19.52.0N,Flamenco Beach,"18.331111, -65.313611",65,18,49.0,W,18,19,52.0,N,Puerto Rico,"",Culebra,Atlantic,2023,19-June-23,3.3,Diadema,Invertebrate,0,1,0,0,"Carolina Aragonés-Fred, Joel Melendez-Diaz","Fernando Rodriguez - Negron, Solimar Melendez-Felix","",""
a91253d7-8b9d-4448-acdc-9a191d347816,ebdbfaf9-f60e-43cd-9077-38554100142a,65.18.49.0W.18.19.52.0N,Flamenco Beach,"18.331111, -65.313611",65,18,49.0,W,18,19,52.0,N,Puerto Rico,"",Culebra,Atlantic,2023,19-June-23,3.3,Pencil Urchin,Invertebrate,0,0,1,0,"Carolina Aragonés-Fred, Joel Melendez-Diaz","Fernando Rodriguez - Negron, Solimar Melendez-Felix","",""
a91253d7-8b9d-4448-acdc-9a191d347816,ebdbfaf9-f60e-43cd-9077-38554100142a,65.18.49.0W.18.19.52.0N,Flamenco Beach,"18.331111, -65.313611",65,18,49.0,W,18,19,52.0,N,Puerto Rico,"",Culebra,Atlantic,2023,19-June-23,3.3,Tripneustes,Invertebrate,0,0,0,0,"Carolina Aragonés-Fred, Joel Melendez-Diaz","Fernando Rodriguez - Negron, Solimar Melendez-Felix","",""
a91253d7-8b9d-4448-acdc-9a191d347816,ebdbfaf9-f60e-43cd-9077-38554100142a,65.18.49.0W.18.19.52.0N,Flamenco Beach,"18.331111, -65.313611",65,18,49.0,W,18,19,52.0,N,Puerto Rico,"",Culebra,Atlantic,2023,19-June-23,3.3,Triton,Invertebrate,0,0,0,0,"Carolina Aragonés-Fred, Joel Melendez-Diaz","Fernando Rodriguez - Negron, Solimar Melendez-Felix","",""
a91253d7-8b9d-4448-acdc-9a191d347816,ebdbfaf9-f60e-43cd-9077-38554100142a,65.18.49.0W.18.19.52.0N,Flamenco Beach,"18.331111, -65.313611",65,18,49.0,W,18,19,52.0,N,Puerto Rico,"",Culebra,Atlantic,2023,19-June-23,3.3,Flamingo Tongue,Invertebrate,0,0,0,0,"Carolina Aragonés-Fred, Joel Melendez-Diaz","Fernando Rodriguez - Negron, Solimar Melendez-Felix","",""
a91253d7-8b9d-4448-acdc-9a191d347816,ebdbfaf9-f60e-43cd-9077-38554100142a,65.18.49.0W.18.19.52.0N,Flamenco Beach,"18.331111, -65.313611",65,18,49.0,W,18,19,52.0,N,Puerto Rico,"",Culebra,Atlantic,2023,19-June-23,3.3,Gorgonian,Invertebrate,78,106,79,56,"Carolina Aragonés-Fred, Joel Melendez-Diaz","Fernando Rodriguez - Negron, Solimar Melendez-Felix","",""
a91253d7-8b9d-4448-acdc-9a191d347816,ebdbfaf9-f60e-43cd-9077-38554100142a,65.18.49.0W.18.19.52.0N,Flamenco Beach,"18.331111, -65.313611",65,18,49.0,W,18,19,52.0,N,Puerto Rico,"",Culebra,Atlantic,2023,19-June-23,3.3,Lobster,Invertebrate,0,0,0,1,"Carolina Aragonés-Fred, Joel Melendez-Diaz","Fernando Rodriguez - Negron, Solimar Melendez-Felix","",""
a91253d7-8b9d-4448-acdc-9a191d347816,ebdbfaf9-f60e-43cd-9077-38554100142a,65.18.49.0W.18.19.52.0N,Flamenco Beach,"18.331111, -65.313611",65,18,49.0,W,18,19,52.0,N,Puerto Rico,"",Culebra,Atlantic,2023,19-June-23,3.3,Coral Damage Anchor,Impact,0,0,1,0,"Carolina Aragonés-Fred, Joel Melendez-Diaz","Fernando Rodriguez - Negron, Solimar Melendez-Felix","",""
a91253d7-8b9d-4448-acdc-9a191d347816,ebdbfaf9-f60e-43cd-9077-38554100142a,65.18.49.0W.18.19.52.0N,Flamenco Beach,"18.331111, -65.313611",65,18,49.0,W,18,19,52.0,N,Puerto Rico,"",Culebra,Atlantic,2023,19-June-23,3.3,Coral Damage Dynamite,Impact,0,0,0,0,"Carolina Aragonés-Fred, Joel Melendez-Diaz","Fernando Rodriguez - Negron, Solimar Melendez-Felix","",""
a91253d7-8b9d-4448-acdc-9a191d347816,ebdbfaf9-f60e-43cd-9077-38554100142a,65.18.49.0W.18.19.52.0N,Flamenco Beach,"18.331111, -65.313611",65,18,49.0,W,18,19,52.0,N,Puerto Rico,"",Culebra,Atlantic,2023,19-June-23,3.3,Coral Damage Other,Impact,3,3,3,2,"Carolina Aragonés-Fred, Joel Melendez-Diaz","Fernando Rodriguez - Negron, Solimar Melendez-Felix","",""
a91253d7-8b9d-4448-acdc-9a191d347816,ebdbfaf9-f60e-43cd-9077-38554100142a,65.18.49.0W.18.19.52.0N,Flamenco Beach,"18.331111, -65.313611",65,18,49.0,W,18,19,52.0,N,Puerto Rico,"",Culebra,Atlantic,2023,19-June-23,3.3,Trash Fish Nets,Impact,0,0,0,0,"Carolina Aragonés-Fred, Joel Melendez-Diaz","Fernando Rodriguez - Negron, Solimar Melendez-Felix","",""
a91253d7-8b9d-4448-acdc-9a191d347816,ebdbfaf9-f60e-43cd-9077-38554100142a,65.18.49.0W.18.19.52.0N,Flamenco Beach,"18.331111, -65.313611",65,18,49.0,W,18,19,52.0,N,Puerto Rico,"",Culebra,Atlantic,2023,19-June-23,3.3,Trash General,Impact,0,0,0,0,"Carolina Aragonés-Fred, Joel Melendez-Diaz","Fernando Rodriguez - Negron, Solimar Melendez-Felix","",""
a91253d7-8b9d-4448-acdc-9a191d347816,ebdbfaf9-f60e-43cd-9077-38554100142a,65.18.49.0W.18.19.52.0N,Flamenco Beach,"18.331111, -65.313611",65,18,49.0,W,18,19,52.0,N,Puerto Rico,"",Culebra,Atlantic,2023,19-June-23,3.3,Bleaching (% Of Population),Impact,0,0,1,1,"Carolina Aragonés-Fred, Joel Melendez-Diaz","Fernando Rodriguez - Negron, Solimar Melendez-Felix","",""
a91253d7-8b9d-4448-acdc-9a191d347816,ebdbfaf9-f60e-43cd-9077-38554100142a,65.18.49.0W.18.19.52.0N,Flamenco Beach,"18.331111, -65.313611",65,18,49.0,W,18,19,52.0,N,Puerto Rico,"",Culebra,Atlantic,2023,19-June-23,3.3,Bleaching (% Of Colony),Impact,0,0,3,1,"Carolina Aragonés-Fred, Joel Melendez-Diaz","Fernando Rodriguez - Negron, Solimar Melendez-Felix","",""
a91253d7-8b9d-4448-acdc-9a191d347816,ebdbfaf9-f60e-43cd-9077-38554100142a,65.18.49.0W.18.19.52.0N,Flamenco Beach,"18.331111, -65.313611",65,18,49.0,W,18,19,52.0,N,Puerto Rico,"",Culebra,Atlantic,2023,19-June-23,3.3,Black Band,Impact,0,0,0,0,"Carolina Aragonés-Fred, Joel Melendez-Diaz","Fernando Rodriguez - Negron, Solimar Melendez-Felix","",""
a91253d7-8b9d-4448-acdc-9a191d347816,ebdbfaf9-f60e-43cd-9077-38554100142a,65.18.49.0W.18.19.52.0N,Flamenco Beach,"18.331111, -65.313611",65,18,49.0,W,18,19,52.0,N,Puerto Rico,"",Culebra,Atlantic,2023,19-June-23,3.3,White Band,Impact,0,0,1,0,"Carolina Aragonés-Fred, Joel Melendez-Diaz","Fernando Rodriguez - Negron, Solimar Melendez-Felix","",""
a91253d7-8b9d-4448-acdc-9a191d347816,ebdbfaf9-f60e-43cd-9077-38554100142a,65.18.49.0W.18.19.52.0N,Flamenco Beach,"18.331111, -65.313611",65,18,49.0,W,18,19,52.0,N,Puerto Rico,"",Culebra,Atlantic,2023,19-June-23,3.3,White Plague,Impact,2,0,0,2,"Carolina Aragonés-Fred, Joel Melendez-Diaz","Fernando Rodriguez - Negron, Solimar Melendez-Felix","",""
a91253d7-8b9d-4448-acdc-9a191d347816,ebdbfaf9-f60e-43cd-9077-38554100142a,65.18.49.0W.18.19.52.0N,Flamenco Beach,"18.331111, -65.313611",65,18,49.0,W,18,19,52.0,N,Puerto Rico,"",Culebra,Atlantic,2023,19-June-23,3.3,Aspergillosis,Impact,3,1,0,0,"Carolina Aragonés-Fred, Joel Melendez-Diaz","Fernando Rodriguez - Negron, Solimar Melendez-Felix","",""
a91253d7-8b9d-4448-acdc-9a191d347816,ebdbfaf9-f60e-43cd-9077-38554100142a,65.18.49.0W.18.19.52.0N,Flamenco Beach,"18.331111, -65.313611",65,18,49.0,W,18,19,52.0,N,Puerto Rico,"",Culebra,Atlantic,2023,19-June-23,3.3,Sharks,Rare Animal,0,0,0,1,"Carolina Aragonés-Fred, Joel Melendez-Diaz","Fernando Rodriguez - Negron, Solimar Melendez-Felix","",""
a91253d7-8b9d-4448-acdc-9a191d347816,ebdbfaf9-f60e-43cd-9077-38554100142a,65.18.49.0W.18.19.52.0N,Flamenco Beach,"18.331111, -65.313611",65,18,49.0,W,18,19,52.0,N,Puerto Rico,"",Culebra,Atlantic,2023,19-June-23,3.3,Turtles,Rare Animal,1,0,0,0,"Carolina Aragonés-Fred, Joel Melendez-Diaz","Fernando Rodriguez - Negron, Solimar Melendez-Felix","",""
a91253d7-8b9d-4448-acdc-9a191d347816,ebdbfaf9-f60e-43cd-9077-38554100142a,65.18.49.0W.18.19.52.0N,Flamenco Beach,"18.331111, -65.313611",65,18,49.0,W,18,19,52.0,N,Puerto Rico,"",Culebra,Atlantic,2023,19-June-23,3.3,Mantas,Rare Animal,0,0,0,0,"Carolina Aragonés-Fred, Joel Melendez-Diaz","Fernando Rodriguez - Negron, Solimar Melendez-Felix","",""
a91253d7-8b9d-4448-acdc-9a191d347816,ebdbfaf9-f60e-43cd-9077-38554100142a,65.18.49.0W.18.19.52.0N,Flamenco Beach,"18.331111, -65.313611",65,18,49.0,W,18,19,52.0,N,Puerto Rico,"",Culebra,Atlantic,2023,19-June-23,3.3,Lionfish,Rare Animal,0,0,0,0,"Carolina Aragonés-Fred, Joel Melendez-Diaz","Fernando Rodriguez - Negron, Solimar Melendez-Felix","",""
